Date,PC1,PC2,PC3,PC4,PC5
2005-01-01,0.27521279382977004,1.095057105894884,-0.5309744821893277,0.236501236699642,0.04108191329268086
2005-02-01,0.15268742032921476,1.2774895011099872,-0.5808755654590964,0.1678533647621546,0.033848705241686164
2005-03-01,0.04121165167225294,1.547998478284173,-0.7655275090106627,0.13899376741345026,0.029077136979397504
2005-04-01,0.0756620535357505,1.4746035622051161,-0.5782726662679343,0.140307901369352,0.02864588801347263
2005-05-01,0.1581311854693905,1.3162525036188075,-0.26485591026034777,0.16993916942151818,0.03315730491496766
2005-06-01,0.22809831725963184,1.095394207163117,-0.02057439440984578,0.1562543292683738,0.03419254381633093
2005-07-01,0.19927599974847593,1.0710968281629931,0.14282782900386246,0.11498385633403217,0.03302493893744846
2005-08-01,0.1318931324682982,1.27377743830651,0.10973732699620758,0.11260201585966628,0.02252244788743285
2005-09-01,-0.10212687770234993,1.510371497735778,-0.0966998070534923,-0.015697506376297694,-0.03294886568316025
2005-10-01,-0.2551233197053267,1.5520187549191111,-0.07791765024943763,-0.1651618983125513,-0.036459068474525215
2005-11-01,-0.1527026593052345,1.4575616732193373,0.1951033711666846,-0.07410125966137851,-0.020250860848999686
2005-12-01,-0.08005736487980113,1.309347653340615,0.4611694574001667,-0.0574304736389199,-0.003661465236021968
2006-01-01,-0.18284325669529738,1.4660123943023438,0.3782744981834193,-0.11118143953813885,-0.015664254087380616
2006-02-01,-0.17373304374987353,1.7780707801470086,0.2512885779825742,0.013484803636074107,-0.01581459596396653
2006-03-01,-0.16084059487371816,1.8606583054726036,0.2544046038173378,0.0607311814309858,-0.00023696367596490582
2006-04-01,-0.20039125137291788,1.9444108023187132,0.30700441116393273,0.06293948248443909,-0.00427990028328044
2006-05-01,-0.2312961004361961,2.0582215341928554,0.30171998071348155,0.07362883927647598,0.0033993646289473553
2006-06-01,-0.2130497472527677,1.9773643701290007,0.41339731336751706,0.07396885123169915,0.005541374931108032
2006-07-01,-0.23649386011215617,2.019237995379858,0.5431986816389949,0.08815359915138064,-0.007398960188914665
2006-08-01,-0.29708554791546365,1.9654503721079768,0.5743723624136098,0.009301709026154743,-0.012587194754550259
2006-09-01,-0.13695980465987664,1.6630908256594106,0.894455398563812,0.058313213208532416,0.013472879754259107
2006-10-01,-0.011974777777183178,1.5488873932011933,1.0390761676702882,0.14112894335480666,0.030589936636709565
2006-11-01,0.03791868396873118,1.5617302835492524,1.0454656312551358,0.16375116826629477,0.047599241614237134
2006-12-01,-0.010466294878806489,1.644114403822775,0.9493319478621026,0.1379457692972539,0.03787147260726813
2007-01-01,0.04585996712424308,1.7046167035180648,0.9250955218685677,0.22924972584127018,0.03573403225511175
2007-02-01,-0.01178389521163757,1.8089557966308436,0.820741201238453,0.2104799967356561,0.03816472010837733
2007-03-01,-0.0008041703001622611,1.907806567374778,0.7397232941367187,0.27004493050270606,0.025416743615707133
2007-04-01,-0.005189278051954939,1.9495329461739355,0.6953559148774847,0.2900710793352272,0.02472367536432242
2007-05-01,0.08141456067243748,1.8433139535654846,0.8194746236930257,0.3564041033418177,0.024854847876550033
2007-06-01,0.15299533390288192,1.8578822293106176,0.8326490278641059,0.412193916977248,0.04582695081984691
2007-07-01,0.2423294393656337,1.7777319419252846,0.9416504144956855,0.47008307330068266,0.057305315084339205
2007-08-01,0.2977610927897889,1.3828608264938915,1.1362618229151378,0.3865497900245566,0.056315113181363216
2007-09-01,0.24621326292152126,1.355116709193795,1.085541631082743,0.3231169409111705,0.05155540762435092
2007-10-01,0.025176856514952092,1.4035047354463381,0.8367982954291312,0.10649968908579058,0.03536308606533568
2007-11-01,-0.2438878943773531,1.3884649213730438,0.5639307495787318,-0.13000590127178696,-0.025124394546206772
2007-12-01,-0.2915165908172671,1.1523322809100982,0.5774505071807093,-0.22536774342277038,-0.04588412120088226
2008-01-01,-0.25638205528149055,0.9317551041537626,0.5722578571164226,-0.2661891251112373,-0.04266835421080167
2008-02-01,-0.17833328246323063,0.6197820399062022,0.20153234677994564,-0.3316065686154461,-0.03722917399308674
2008-03-01,-0.26038365574289096,0.6277243282622962,-0.0935578326959726,-0.43049713502377573,-0.043799309530142876
2008-04-01,-0.2305534751263957,0.47775447009213784,-0.18290592104140463,-0.46278875183034546,-0.05003266768107353
2008-05-01,-0.2893399989868612,0.5302680475119079,-0.45875499326965247,-0.5049437814351347,-0.05797117482700826
2008-06-01,-0.35010621325002433,0.7255772078187709,-0.6357876059156324,-0.49003390811015096,-0.06153865026477471
2008-07-01,-0.4283128754017493,0.6348673041805682,-0.5788030514120557,-0.5854923128504125,-0.07206893969772486
2008-08-01,-0.1743754738254439,0.08481141803506428,-0.015612468368997072,-0.47484517570113255,-0.062073123435391855
2008-09-01,0.0710302951584893,-0.7894146255321595,0.6988787296535569,-0.5028544969344735,-0.05821887218624736
2008-10-01,0.7697072758829026,-2.685740543662477,2.011959530378439,-0.40358311254142293,-0.03574075228948808
2008-11-01,1.4775103091169484,-4.501600132600307,3.439193618919064,-0.28987249061122866,0.0247214426757359
2008-12-01,1.266356166919429,-3.111118827270982,1.997865003054777,-0.08170161871126692,0.035591945210502234
2009-01-01,1.2263093726707652,-2.7939661050217985,1.7029212124552173,0.020427279804143,0.03209153368142064
2009-02-01,1.0402930736189655,-2.0682276223354696,1.0561265541219682,0.09383265432677401,0.017025176132798147
2009-03-01,1.0937959868291933,-2.0584873313390544,1.040225307562665,0.1753990648959964,0.021593247565831954
2009-04-01,1.0414639795470584,-1.8743297570502186,0.8410576610856635,0.191934391585343,0.024146680685466784
2009-05-01,0.9131478257206157,-1.483632001856709,0.47665873487471566,0.18535769636548835,0.019082367930023495
2009-06-01,0.6753662395398056,-0.9300898076424297,-0.06874125766773573,0.1267292300504615,-0.005196021984543377
2009-07-01,0.7948003515467177,-1.2332171638926814,0.20281845115483862,0.15623534744378162,-0.0006081735453459102
2009-08-01,0.7637809117579423,-1.2459629576492064,0.2024136147595492,0.12037451561361764,-0.0027958337446388113
2009-09-01,0.7557005996133647,-1.1701044575877761,0.1271575859240379,0.1475362577412821,-0.00244701564818817
2009-10-01,0.7139240350197004,-0.9852137281233603,-0.06880121869402596,0.17336233876742813,0.004193221998342486
2009-11-01,0.6201682243453532,-0.6871139963068449,-0.3614717230084244,0.16401899271662632,8.924874715846884e-05
2009-12-01,0.5956529081159143,-0.47909571167725357,-0.5507191225473755,0.19586462391955137,0.00954511499222239
2010-01-01,0.5487151974012341,-0.28712796587631884,-0.7419918329779864,0.1745873352371805,0.009219853405355569
2010-02-01,0.6518141190812502,-0.40618430972048564,-0.5871533482117156,0.23964695530714875,0.013457448225722347
2010-03-01,0.698489570850052,-0.4820741363084117,-0.4839707328463073,0.2429918668900823,0.026322559871326798
2010-04-01,0.7157370379673884,-0.3441343774098521,-0.5694123174142587,0.2935427500718139,0.03394180824825972
2010-05-01,0.795436415202947,-0.5724975745081754,-0.34301182111169654,0.2828918253926062,0.04244907210935618
2010-06-01,0.8555968843463337,-0.7191376183904213,-0.20793462160368784,0.2966077578322173,0.03858782188253843
2010-07-01,0.9332696911048298,-1.0000080065796302,0.06341522101179643,0.2771860016635034,0.03728423356731973
2010-08-01,0.9386894434154837,-1.1083100446056702,0.16524115515785345,0.21800073727140917,0.039971063253771894
2010-09-01,0.9651089032347153,-1.176415927626381,0.23387978813253654,0.2227372484428356,0.040721366444285055
2010-10-01,0.8316257909199057,-0.9136763834357869,-0.043108725405732275,0.15160620486251175,0.032788692322223395
2010-11-01,0.8040462044122506,-0.857540993531846,-0.10192701432873268,0.13793561544811497,0.030547724213842047
2010-12-01,0.6968038555376193,-0.6621988980794706,-0.3176852296518981,0.08007407884017723,0.01783423657305768
2011-01-01,0.6057570498284033,-0.42634624586046144,-0.5625296981412147,0.05125199252560142,0.01831595858419174
2011-02-01,0.5472638018354068,-0.3405360895794514,-0.6653257167762379,0.016955810454224736,0.021141011396563394
2011-03-01,0.4737901962431742,-0.11693897143459224,-0.8996649282621898,0.016571704383147184,0.008224654412569333
2011-04-01,0.38464411804174886,-0.012205122943382229,-1.0513093815897816,-0.05402409876211202,0.0013690621476840398
2011-05-01,0.3789244081254705,-0.1952009801181074,-0.9016816311059755,-0.10413523394279461,-0.010238570067588756
2011-06-01,0.42157995000514187,-0.4769567930967428,-0.6422356520799636,-0.15124406681251656,-0.007633681443917811
2011-07-01,0.3876567366096829,-0.3930024468816441,-0.740963769679141,-0.1473764937153963,-0.012813739648511823
2011-08-01,0.5154701983724411,-0.6928644738054619,-0.41306898126508795,-0.09389079301500558,-0.0025599596942256406
2011-09-01,0.5885362535387261,-0.8815662111810887,-0.23705200446985336,-0.08797332386677782,0.0030885970147835696
2011-10-01,0.5904191495496981,-0.7781882858839726,-0.3327735252914763,-0.053919168902861164,0.0077131949175079095
2011-11-01,0.5345765479395562,-0.7051579190634119,-0.4093567205884267,-0.07987940363926337,-0.0005982488219594141
2011-12-01,0.5778613596563494,-0.8173281705258776,-0.3030214653583448,-0.06017517113954855,-0.0015318618001684266
2012-01-01,0.5488911948813496,-0.7064370169710043,-0.40259430175196476,-0.05162920578552259,-0.004892589853482366
2012-02-01,0.5090483973965226,-0.46096381502396044,-0.6161385576881382,-0.029535024849483813,0.0017600444947923908
2012-03-01,0.4239090431804835,-0.3425616846678785,-0.7287200557663731,-0.06626666486047081,-0.008384788584510737
2012-04-01,0.4376794114694803,-0.45924473342392275,-0.6150265591674984,-0.06315188276023445,-0.015283292727124559
2012-05-01,0.48961175872461193,-0.5259589361340072,-0.5241226295421958,-0.02649665368678389,-0.007638969739338887
2012-06-01,0.5647192382225341,-0.6705465388666457,-0.37138584699872507,0.003291582171476549,0.0013377582151921615
2012-07-01,0.5659406400157894,-0.6592522749037149,-0.3810447188641851,-0.004260843098673664,0.004863939163421129
2012-08-01,0.48554660501642627,-0.509776310233914,-0.5609740812556642,-0.042868351083522827,-0.00604848604617417
2012-09-01,0.37579870323403053,-0.22962672921907587,-0.8365477027230578,-0.05588914118144151,-0.01833700964400882
2012-10-01,0.3492863127283355,-0.18431619552498163,-0.871310642442674,-0.05806795784793761,-0.02309276871384759
2012-11-01,0.4036518899733807,-0.33527251213731907,-0.7211086307511814,-0.06625001776150893,-0.012843654983465503
2012-12-01,0.4092495126693653,-0.27052333903210096,-0.7752604731327735,-0.047237172941890865,-0.005163536088938559
2013-01-01,0.3894576270170401,-0.1572244226441922,-0.8942840149807512,-0.023911716496343754,-0.0010192150798826903
2013-02-01,0.36357397046875367,-0.10504547349677461,-0.9413985701271549,-0.01149224431647391,-0.014332309605685541
2013-03-01,0.3948991497993639,-0.08270912031722798,-0.9566505524763181,0.0088603812988905,-0.00289089033596036
2013-04-01,0.4782162478672633,-0.2602313781691766,-0.7658611715534751,0.021078369238880405,0.0034091638523913816
2013-05-01,0.5130975952910518,-0.40802187875061713,-0.6534578366694997,-0.007466956059606802,0.006348277149844271
2013-06-01,0.5721099073233088,-0.6480880475032297,-0.4377446825620137,-0.016195270982459854,0.00417625716396072
2013-07-01,0.5430964645236805,-0.5710009657521214,-0.5149829417062904,-0.01612767566494492,0.003999836982782823
2013-08-01,0.526958810951967,-0.5856409420475663,-0.5148727257372469,-0.024440919945180085,-0.00021123411437651258
2013-09-01,0.5493711169189405,-0.6925486840221097,-0.41411720519692125,-0.035249103586176514,-0.0006041732910212062
2013-10-01,0.5260987193774778,-0.6827767740462506,-0.4244085236590917,-0.06403070761592065,-0.0033863471614075076
2013-11-01,0.508896723734054,-0.7237072823028518,-0.4018979179161109,-0.07999677861041408,-0.01193561935877817
2013-12-01,0.4593149899093293,-0.8458334434253719,-0.30730027634341306,-0.16032419890174926,-0.020852757205245095
2014-01-01,0.337693265924255,-0.7984276139351537,-0.4069080103745408,-0.264410808619327,-0.04192600151124803
2014-02-01,0.2996882180043555,-0.7614862802810457,-0.4534771835431008,-0.3138150996262255,-0.035496937582132904
2014-03-01,0.29111478638997323,-0.756384149964992,-0.454347475445425,-0.33037799884121427,-0.034050788294920455
2014-04-01,0.2583992306687974,-0.7207190115784857,-0.49051076429568685,-0.36027386205676676,-0.03635718539472522
2014-05-01,0.2535922022609274,-0.553768863416292,-0.636477844043866,-0.3033453824523966,-0.034317771411263895
2014-06-01,0.2589644409799995,-0.5024458788589617,-0.6720068495376732,-0.2839801246014388,-0.03192978184693756
2014-07-01,0.25546028626679057,-0.5063978877621981,-0.6770563334948546,-0.29679022187052323,-0.03135468801238852
2014-08-01,0.2839256157618178,-0.6694571610965114,-0.5256551405967073,-0.3252862429040598,-0.02933203309712903
2014-09-01,0.3039281953009355,-0.8818718518181202,-0.3345631870386447,-0.37403404608201773,-0.03482795808692095
2014-10-01,0.3817707326458037,-1.1176039420476451,-0.10191870265549928,-0.368635222530437,-0.03201773392681398
2014-11-01,0.3989448163448216,-1.1169992755498275,-0.09653058113225764,-0.36619729426618913,-0.024967587599492642
2014-12-01,0.4826630258817577,-1.3505887538117658,0.15717985267829165,-0.35865365431871327,-0.021521999471367514
2015-01-01,0.5691152740556475,-1.4158614216599268,0.2382583974842757,-0.30157319736521276,-0.008819716581140669
2015-02-01,0.507815186189752,-1.2306813258762552,0.05573938048438011,-0.2951295645246695,-0.02433435401251486
2015-03-01,0.47648018062993946,-1.0873967208232496,-0.07967356226743759,-0.2782126591900327,-0.02149101826132324
2015-04-01,0.46037335768735577,-0.9023202522269043,-0.23890804479213557,-0.24109061365996587,-0.015566198200985731
2015-05-01,0.44993567229342935,-0.87654075286795,-0.26512178611641485,-0.2458572897501331,-0.021425818647610593
2015-06-01,0.4629738628818368,-0.87810958812289,-0.2518742794271054,-0.22836278590700182,-0.02294885608185969
2015-07-01,0.5100795688493508,-1.0463744421841383,-0.08840824115378013,-0.21400278497879052,-0.027880234403583382
2015-08-01,0.6102805690037619,-1.365311538935277,0.23115266479939395,-0.22188331451212187,-0.025905773822298396
2015-09-01,0.6838203526922397,-1.4418343208692401,0.32435291758304535,-0.1747868036999666,-0.012269706924401904
2015-10-01,0.700153537450052,-1.4190133054582221,0.29681958768964983,-0.1468089904705885,-0.00771015135161631
2015-11-01,0.6882808613726692,-1.3007216155763541,0.1903735057343729,-0.11153369174869367,-0.00839430154130191
2015-12-01,0.7468408036734828,-1.2767522837906156,0.2748778566818057,-0.03860884015275783,-0.0037434552233576793
2016-01-01,0.8078113403853681,-1.2862329627610374,0.3750733434617085,0.018155830746121652,0.0050654692126752545
2016-02-01,0.8735589193583406,-1.3941075612037437,0.5204946845207146,0.05213612957331844,0.012638691349969818
2016-03-01,0.7481458385125397,-1.0073537463318742,0.1262642328271834,0.06502164939974671,0.00610880318527931
2016-04-01,0.7183348994149337,-0.9164273213164486,0.044138460551038476,0.08408666433625762,0.0010346485465299806
2016-05-01,0.6625181323138037,-0.8820302924956199,-0.005942142947828863,0.04684510913452065,-0.0013398618914147902
2016-06-01,0.6604260554192439,-0.9911889640364585,0.09478609416278791,0.013737385981661566,-0.00467611743753818
2016-07-01,0.6728395760881347,-1.0466645680377633,0.15422583719711108,0.005514056367092238,-0.0006534880449312121
2016-08-01,0.7212943956158221,-1.1413385257338535,0.2609568176366779,0.025315520512754073,0.005096082008543595
2016-09-01,0.7208402718617987,-1.0803487633135966,0.20789333121821138,0.03931916948305013,0.014176064683641748
2016-10-01,0.6681282819875209,-0.8535135281617184,-0.007791706757652531,0.057051441353151565,0.002458225944549253
2016-11-01,0.6486064638565174,-0.6847406051085154,-0.15400371911776592,0.09196014949264711,0.005549225619077877
2016-12-01,0.5648736177602444,-0.46447801775398534,-0.28512954905124704,0.06937503453753546,0.004732262777992846
2017-01-01,0.5185978364800672,-0.3395304620897139,-0.3340185464749279,0.05093682527519819,0.002777879387513124
2017-02-01,0.5253408016892718,-0.33210218250814105,-0.3310478087780279,0.058435715557515915,0.0062763519316270085
2017-03-01,0.5338250318289208,-0.34915031227124627,-0.22303046057836065,0.049597317716749564,0.0009957762210271903
2017-04-01,0.5445080113434387,-0.42287977254481346,-0.07897252581499406,0.028924572385599763,0.005991028549241403
2017-05-01,0.5941011726714656,-0.40720181147416123,-0.06740497078820415,0.08093545717728468,0.008203638705273091
2017-06-01,0.6149463070467873,-0.5047286729706125,0.1152304952822015,0.07504269982325651,0.010188958500706804
2017-07-01,0.6026836183035901,-0.4570123413310572,0.14597604609426648,0.0772662318876413,0.010715043500303022
2017-08-01,0.5853743156164299,-0.4941221247934236,0.17895615279124216,0.058457600023200634,0.010035116328217745
2017-09-01,0.5492021643808875,-0.4194969095118201,0.0942433639631282,0.050333397666308774,-0.0018523871032690288
2017-10-01,0.5472831670163878,-0.354552215308609,0.037369118662990794,0.06964341176299413,0.004226638651624865
2017-11-01,0.4912549993242932,-0.3391104226161152,0.010159870947868284,0.011305434678662555,-0.005490000446900478
2017-12-01,0.4454509110518859,-0.2847201535498882,0.04361615673713858,-0.019923018840649714,-0.009064032592682625
2018-01-01,0.3202522843038175,-0.05615705307241745,-0.12344792650638925,-0.06605707529237755,-0.020048521560663172
2018-02-01,0.2939477228992643,-0.022354972693112502,-0.15558685649327367,-0.08823670315094179,-0.01615553277178434
2018-03-01,0.29204950841785654,0.08410421342389805,-0.18584334956532306,-0.05983644592798826,-0.004125423118476722
2018-04-01,0.2677960187636171,0.1791816074789306,-0.15182333810704532,-0.0567101224981088,-0.0015227673643979846
2018-05-01,0.20224699884493594,0.23265712564564076,-0.21531746159733528,-0.1081870750017627,-0.0004538158964004077
2018-06-01,0.16864960508201288,0.22081807144227097,-0.13418380986159462,-0.15525064235562328,-0.004457112511980329
2018-07-01,0.17498283211103954,0.22188592161627965,-0.07036385795542488,-0.15673991252447,-0.002397225816159625
2018-08-01,0.18786543494471994,0.14657634663459781,-0.0006387358719021527,-0.17381163689847343,-0.009082363001071413
2018-09-01,0.16177656618813477,0.18751959565351511,-0.017901289209539883,-0.18991589572564893,-0.009923585395125972
2018-10-01,0.13033914549983866,0.2368659675190754,0.09479186207376493,-0.20875131900238453,-0.007419627554733422
2018-11-01,0.21461789543330723,0.07634723493408573,0.2716019332242857,-0.17640248894111243,0.0011345867281309181
2018-12-01,0.3008840705225079,-0.19472131067293308,0.5866756907659934,-0.17236885088322404,0.010078221076286099
2019-01-01,0.30981142879353407,-0.1099761121131098,0.6071456805650876,-0.1355684591813349,0.01659247104698122
2019-02-01,0.23227977998228627,0.03842025744139326,0.45000157691727716,-0.17464060456797592,0.008397403409585563
2019-03-01,0.12164513562288877,0.08670684427919914,0.37510701153036613,-0.24729738592199016,-0.0047921346024062715
2019-04-01,-0.039976360908613395,0.07130237070940604,0.33698940661244936,-0.37563199043430895,-0.011759927485257237
2019-05-01,0.037869154275488134,-0.08974210740361378,0.48501785199444514,-0.3143472634756399,-0.01310232243920864
2019-06-01,0.14834780242396042,-0.27146341804145796,0.6759519926205642,-0.26030477857195683,0.0007105287491960526
2019-07-01,0.17018218662647192,-0.21690728875295776,0.6500629800187119,-0.2444504440991356,-0.0036792298853486503
2019-08-01,0.3108625061846426,-0.5363339947060317,0.7900631972566928,-0.21210712800295956,-0.0019981670233352694
2019-09-01,0.3451527628298998,-0.5414151632239729,0.7445560424025498,-0.17501335234449886,-0.0009873968614815365
2019-10-01,0.3725704825750107,-0.5976748357251418,0.657499038549823,-0.1530682584629146,-0.004905553342027827
2019-11-01,0.3790822004123267,-0.5032061055474658,0.38336228016079815,-0.1139593291010861,-0.010301439008618263
2019-12-01,0.3858421681285499,-0.4045282719239306,0.3006544211318981,-0.06941107360028885,-0.007415930372000934
2020-01-01,0.42013893706858985,-0.353771292654014,0.2701853538815218,0.011239973898568921,-0.0035556825334232167
2020-02-01,0.5484347155078123,-0.3999137799980557,0.37921423150458244,0.16288416081758658,-0.0021085984530844954
2020-03-01,1.0859291864918517,-1.7770753713459806,1.1206538241690545,0.24550741756794475,0.012419047511798181
2020-04-01,1.3552975651006993,-1.801145588850903,0.820958153300481,0.43361612583983405,0.003219180879213094
2020-05-01,1.4370391436086547,-1.7674592015667197,0.8203691916859084,0.470914158076912,-0.0005190528554196285
2020-06-01,1.3933875240637799,-1.4387675027270912,0.5395581556171706,0.4856108611110038,-0.010527733998416458
2020-07-01,1.3021804456909356,-1.0660836357732053,0.1909207300442709,0.5266271482058719,-0.007613957654421909
2020-08-01,1.218028343673535,-0.773209312087869,-0.08606137065855145,0.5497902562508121,-0.0034129922970063576
2020-09-01,1.2417848216361262,-0.7936160447370596,-0.06682632925516162,0.5597644218716511,0.0002259237387830931
2020-10-01,1.3145438481071732,-0.7333348354994351,-0.093543257232224,0.603123488513106,0.006458626772910763
2020-11-01,1.3287424676875532,-0.643144365452383,-0.16758653497042608,0.6006328288044319,0.01575872830503284
2020-12-01,1.2176617928862792,-0.35682932927082417,-0.4579114870184418,0.5161830752014621,0.014083726380864981
2021-01-01,1.1671451080546023,-0.056071226420029346,-0.7380014866234104,0.5135454816225673,0.008410369029628124
2021-02-01,1.1144631440100985,0.20155698592216387,-0.9883952204747206,0.500003665932068,0.008689512775046914
2021-03-01,1.0984145495659767,0.43924421602269803,-1.2074788458404213,0.537844100628248,0.025593877761774134
2021-04-01,1.0914589730906146,0.4797515398676956,-1.2440231067472478,0.5825209520946291,0.021858276808120098
2021-05-01,1.0535476077014851,0.6240610563455952,-1.3900824168907426,0.5790823956549285,0.03639464829735713
2021-06-01,1.1394090692470864,0.4117387025025464,-1.1609140968374858,0.5963696700822654,0.05312490194033829
2021-07-01,0.9919682616260901,0.4181405014026833,-1.2075703373333497,0.4215494921902908,0.049531956307162714
2021-08-01,0.9502394712152399,0.3985217340311587,-1.2136972478794485,0.34486135973325455,0.0348882886356887
2021-09-01,0.9143269396020712,0.388767691327337,-1.226363609521583,0.27173117753800335,0.02830470862552884
2021-10-01,0.7340599140172891,0.6643683723385848,-1.5312203434914784,0.1747651147627726,0.032286974628763294
2021-11-01,0.5857592324939314,0.9347287039770119,-1.8191537038442982,0.13135730515092484,0.025646585150436326
2021-12-01,0.6010761599903691,0.629362130726835,-1.5483859497493708,0.08433453738571238,0.015075895046272604
2022-01-01,0.5495600280029301,0.6776049039671485,-1.6091639664292836,0.04469601681792558,0.02026606281898714
2022-02-01,0.438154403382196,0.7421741865094463,-1.706450297318159,-0.06250777472444541,0.017620244942804463
2022-03-01,0.14501560339683686,1.4144228202543836,-2.3123642074220636,-0.1419931230699064,-0.012168028146845778
2022-04-01,0.10829768328803493,1.324338367324142,-2.157922806548058,-0.22448262324277643,-0.003507190478423334
2022-05-01,0.019863234925902484,1.0745423458329715,-1.6677832553668686,-0.380074956246159,-0.013225128069333271
2022-06-01,-0.0879542390810473,1.0231504186449978,-1.3552816281106956,-0.45023335057315406,-0.027017016027093173
2022-07-01,0.015091458921394369,0.8123339368784844,-0.8069072831568903,-0.37843546427167574,-0.020901328798989132
2022-08-01,-0.036934407330308415,1.1642858527635684,-0.67739781885468,-0.2910938772286232,-0.004032160219013163
2022-09-01,0.024573378722937644,0.9557598734318051,-0.3134238847236423,-0.2640766403234269,0.0013173854966019808
2022-10-01,-0.06996996102605545,1.1415285803598665,-0.14629026375352236,-0.2729560975234625,-0.009255753021705148
2022-11-01,-0.15798184171747123,1.3334724679540104,0.14281092446205537,-0.28683034052168954,-0.012373150299696822
2022-12-01,-0.13707870957637042,1.2856645639881523,0.41487905774006517,-0.26991735024161695,-0.004742261412246039
2023-01-01,-0.15524144101932313,1.2535357101260953,0.596436196121026,-0.28472554480614126,-0.009380850640939178
2023-02-01,-0.20407077501849658,1.607421461336969,0.4399631087978382,-0.1983993192727858,-0.010504693567749192
2023-03-01,-0.1663845062267893,1.5561902363377136,0.5536088301936999,-0.18499796348629458,-0.0027198754967324226
2023-04-01,-0.15609078934728735,1.5312960268380333,0.7049256139121316,-0.15631581047381418,-0.002908894704741653
2023-05-01,-0.13139559063460057,1.419088496834147,0.9719201954073065,-0.13944007013061288,-0.0006568558200706027
2023-06-01,-0.13524597955206452,1.4037190918882205,0.9982767673030759,-0.12775089518368543,-0.006188743675414937
2023-07-01,-0.1492879962435273,1.503944891788436,0.9344715754549865,-0.10145048396314646,-0.007913499078255688
2023-08-01,-0.24717330780644178,1.5932964774830891,0.9670684949414778,-0.17995361805708546,-0.014877703272846833
2023-09-01,-0.2939845274792552,1.597971564190759,0.9455763604246187,-0.233646381940428,-0.016656714288085586
2023-10-01,-0.2686197198243717,1.6802668556558895,0.883936826551671,-0.1737620128818266,-0.01665634700309079
2023-11-01,-0.2222963083054359,1.6106552941717363,0.9613484476802764,-0.14416996232020107,-0.013912791479778674
2023-12-01,-0.15189686021869586,1.4728433415638544,1.1067973351029141,-0.10569352826464042,-0.009561969319151282
2024-01-01,-0.1533100113331477,1.6013226372708442,0.9951327958403757,-0.06591278103816303,-0.010830373911007407
2024-02-01,-0.20542798629244247,1.7079509191956581,0.8839240030127434,-0.07644033832851935,-0.011394970393679078
2024-03-01,-0.2551897203985953,1.7775177407719474,0.8062219433388508,-0.07529600335799336,-0.014296992252869671
2024-04-01,-0.29864930058029904,1.8579344128494513,0.7205235329762524,-0.09835687823255,-0.013327061123653703
2024-05-01,-0.24218916117288267,1.717968919961927,0.8625954052488634,-0.07857887205770049,-0.0128330884843421
2024-06-01,-0.18242326013235266,1.578289504501173,1.0050454136287152,-0.0770408106326811,-0.007936002105243518
2024-07-01,-0.1638849400242295,1.544597537807491,1.0408055822306201,-0.07673891325787577,-0.01063525961463894
2024-08-01,-0.0761200380018819,1.2906003699514854,1.292783976530504,-0.0715425955843557,-0.006655956918822251
2024-09-01,-0.022241721517404254,1.2260562848550223,1.2295178138011853,-0.028377779225637063,-0.003962293841770909
2024-10-01,-5.3023074618114405,-0.25169687012249925,0.6168578371785594,3.716788304561991,-0.25340147337676355
2024-11-01,-0.12000141514063421,1.577584769228646,0.5489189911482845,0.004087303979621177,-0.0025549881202086133
2024-12-01,-0.09972369588317763,1.4939929893911112,0.5171942336904798,-0.007593256176204197,-0.00449623704316179
2025-01-01,-0.15561301207584327,1.5910235560874908,0.30839052582684057,-0.02917284356871586,-0.0067982512999691
2025-02-01,-0.16108739005531936,1.744134553821361,0.17423216590251078,0.025708445304799925,-0.008118765724097808
2025-03-01,-7.8395042396324985,-0.7701641896647305,-0.24539331372174944,-0.07138482002649764,0.026143651215485147
2025-04-01,-7.782256735394557,-0.9974226716211506,-0.027656842817854407,-0.08392899892507488,0.026982916647093902
2025-05-01,-7.79335121296005,-0.9533803301567277,-0.06985383330310578,-0.08149795650286996,0.02682026830763484
2025-06-01,-7.7752376292547885,-1.0252867929876421,-0.0009602135041856193,-0.08546703843085651,0.027085818829858336
2025-07-01,-7.811653738980214,-0.8807238129045108,-0.1394660806369561,-0.07748747318575379,0.026551947834902983
2025-08-01,-7.810362745227138,-0.8858487399112801,-0.13455588538049046,-0.07777035812215581,0.026570874187130947
2025-09-01,-7.792507194526457,-0.937283275277908,-0.16008057373168755,-0.07753135180683007,0.026646265743221348
2025-11-01,-7.726314726629605,-1.139940294542202,-0.1971275849400146,-0.07920351152927853,0.027040595340511786
2025-12-01,-7.684658338943096,-1.2770184683215453,-0.17459894185169741,-0.08229272150912592,0.02738019782200379
2026-01-01,-7.708479926094881,-1.1683089295515798,-0.33315662163154564,-0.07405358399289397,0.026895419999140538
2026-02-01,-7.727780813539607,-1.0916891635113157,-0.4065660597104657,-0.06982433787586448,0.026612463251115284
