Date,CPI_YoY_Z,CoreCPI_YoY_Z,PPI_YoY_Z,Breakeven_Z,FedFunds_Z,PC1,PC2,kmeans_cluster,regime,gmm_cluster,regime_confidence
2005-01-01,0.28884398023778307,0.2048925528057561,0.4754687640650933,1.0984202974584065,0.2375649548436629,0.27521279382977004,1.095057105894884,0,Restrictive,0,1.0
2005-02-01,0.2714848778882013,0.20469889555192722,0.37847784338865403,1.281101104251148,0.3492256995371124,0.15268742032921476,1.2774895011099872,0,Restrictive,0,1.0
2005-03-01,0.26143371114300173,0.20436185837728413,0.324480302633019,1.617528697978341,0.41520704867415065,0.04121165167225294,1.547998478284173,0,Restrictive,0,1.0
2005-04-01,0.27037099692188615,0.2134529017371722,0.34565359067097906,1.4319636323832927,0.4964148629966594,0.0756620535357505,1.4746035622051161,0,Restrictive,0,1.0
2005-05-01,0.2869501024864334,0.22013964074960457,0.4111465564978476,1.0927950626432044,0.603000119294952,0.1581311854693905,1.3162525036188075,0,Restrictive,0,1.0
2005-06-01,0.29627668568134063,0.2292046911105823,0.41991011124720506,0.7568226490481175,0.6233020728755791,0.22809831725963184,1.095394207163117,0,Restrictive,0,1.0
2005-07-01,0.2927616127487755,0.23130101675779866,0.37800989074691677,0.6319807900243849,0.7349628175690285,0.19927599974847593,1.0710968281629931,0,Restrictive,0,1.0
2005-08-01,0.2846370799395284,0.2380023165986011,0.3697921423665185,0.8103464117239141,0.8567745390527916,0.1318931324682982,1.27377743830651,0,Restrictive,0,1.0
2005-09-01,0.19730245463712628,0.242418035583646,0.16413533822956777,1.155665334107221,0.9176803997946731,-0.10212687770234993,1.510371497735778,0,Restrictive,0,1.0
2005-10-01,0.16966989163686091,0.235160286793296,-0.03327077570736274,1.193966565275431,0.9988882141171815,-0.2551233197053267,1.5520187549191111,0,Restrictive,0,1.0
2005-11-01,0.1953240319217467,0.2280707872550581,0.0999912898442004,0.9264370153877617,1.110548958810631,-0.1527026593052345,1.4575616732193373,0,Restrictive,0,1.0
2005-12-01,0.22065432931046972,0.22789369202505247,0.14710728281023644,0.6278859499750837,1.1917567731331398,-0.08005736487980113,1.309347653340615,0,Restrictive,0,1.0
2006-01-01,0.200207962367087,0.22990939672104793,0.06698012374227173,0.8117814940073315,1.257738122270178,-0.18284325669529738,1.4660123943023438,0,Restrictive,0,1.0
2006-02-01,0.21592301224182006,0.23270348969532345,0.2144991763371402,1.1229240293004756,1.359247890173314,-0.17373304374987353,1.7780707801470086,0,Restrictive,0,1.0
2006-03-01,0.23316355490140928,0.2229412226667765,0.2725127394116727,1.1789359666227919,1.4100027741248817,-0.16084059487371816,1.8606583054726036,0,Restrictive,0,1.0
2006-04-01,0.2237995222449209,0.21884230071722802,0.26999091870904024,1.2097842727704986,1.5115125420280175,-0.20039125137291788,1.9444108023187132,0,Restrictive,0,1.0
2006-05-01,0.22913499707031124,0.2120837871210564,0.2791030079070482,1.3000939900242587,1.5876448679553696,-0.2312961004361961,2.0582215341928554,0,Restrictive,0,1.0
2006-06-01,0.22835399571475465,0.2081442040604533,0.2841620678117858,1.1634865162032226,1.6130223099311536,-0.2130497472527677,1.9773643701290007,0,Restrictive,0,1.0
2006-07-01,0.21125313339934895,0.20752945258630065,0.2994987989386301,1.1097121291095087,1.7399095198100734,-0.23649386011215617,2.019237995379858,0,Restrictive,0,1.0
2006-08-01,0.19207358913438466,0.20388344602850714,0.19601581503306306,1.058086932229717,1.7449850082052298,-0.29708554791546365,1.9654503721079768,0,Restrictive,0,1.0
2006-09-01,0.23478886916234604,0.20447167384468587,0.2959469624558531,0.5989738975057769,1.7449850082052298,-0.13695980465987664,1.6630908256594106,0,Restrictive,0,1.0
2006-10-01,0.2702278735029659,0.2069965466286623,0.42257375643304634,0.4003948361250255,1.7449850082052298,-0.011974777777183178,1.5488873932011933,0,Restrictive,0,1.0
2006-11-01,0.3050144110127001,0.2153321579100039,0.46953830991287004,0.3970858744690244,1.7449850082052298,0.03791868396873118,1.5617302835492524,0,Restrictive,0,1.0
2006-12-01,0.292950667045058,0.21974980827675,0.429051162114994,0.5286171002950584,1.7399095198100734,-0.010466294878806489,1.644114403822775,0,Restrictive,0,1.0
2007-01-01,0.30143016284734425,0.22174132992231485,0.5424395688098769,0.5815604867910722,1.7449850082052298,0.04585996712424308,1.7046167035180648,0,Restrictive,0,1.0
2007-02-01,0.29450831878941475,0.21342447551041627,0.5048714085205079,0.7361673662707962,1.7500604966003865,-0.01178389521163757,1.8089557966308436,0,Restrictive,0,1.0
2007-03-01,0.28684202639944156,0.21760716680958947,0.5704106624301166,0.8618445797891449,1.7500604966003865,-0.0008041703001622611,1.907806567374778,0,Restrictive,0,1.0
2007-04-01,0.28359667555255624,0.21331416996402636,0.5880111800129448,0.923210777773161,1.7449850082052298,-0.005189278051954939,1.9495329461739355,0,Restrictive,0,1.0
2007-05-01,0.29202008841084426,0.21457416484313283,0.6812238398525583,0.7505055404321163,1.7449850082052298,0.08141456067243748,1.8433139535654846,0,Restrictive,0,1.0
2007-06-01,0.33068335793510717,0.21775360720889994,0.7676571743423207,0.7412178866931136,1.7449850082052298,0.15299533390288192,1.8578822293106176,0,Restrictive,0,1.0
2007-07-01,0.3562997166199014,0.2210280776423162,0.8577608628535291,0.5964508142430759,1.7500604966003865,0.2423294393656337,1.7777319419252846,0,Restrictive,0,1.0
2007-08-01,0.34765542036945163,0.2226200166662661,0.7706657984950036,0.17060183590557415,1.6282487751166235,0.2977610927897889,1.3828608264938915,0,Restrictive,0,1.0
2007-09-01,0.33147499459160956,0.21989861465824082,0.6831231835001624,0.19214794664276072,1.5876448679553696,0.24621326292152126,1.355116709193795,0,Restrictive,0,1.0
2007-10-01,0.2757183816723351,0.20996108933273805,0.37707888535428413,0.426753723862032,1.496286076842547,0.025176856514952092,1.4035047354463381,0,Restrictive,0,1.0
2007-11-01,0.15569216824491178,0.20056279169403537,0.019812222293554088,0.6406668143713871,1.359247890173314,-0.2438878943773531,1.3884649213730438,0,Restrictive,0,1.0
2007-12-01,0.10450262660380903,0.18897053366029573,-0.11911720111630336,0.46868353230074283,1.2323606802943943,-0.2915165908172671,1.1523322809100982,0,Restrictive,0,1.0
2008-01-01,0.10033509654637573,0.18484887033358252,-0.16883614864916913,0.3077439097570009,1.0800960284396903,-0.25638205528149055,0.9317551041537626,0,Restrictive,0,1.0
2008-02-01,0.10590268175860922,0.19073251067289412,-0.25538086143695105,0.3218897208364043,0.5928491425046384,-0.17833328246323063,0.6197820399062022,0,Restrictive,0,1.0
2008-03-01,0.08514934066537176,0.190121069357546,-0.3997566533141804,0.5390403295114606,0.4050560718838371,-0.26038365574289096,0.6277243282622962,0,Restrictive,0,1.0
2008-04-01,0.07922609826034362,0.19674036598666153,-0.43951503895542215,0.48676625571404775,0.2375649548436629,-0.2305534751263957,0.47775447009213784,0,Restrictive,0,1.0
2008-05-01,0.05918005003672581,0.19279771602552137,-0.5162984515851112,0.7205368763431084,0.08530030298895928,-0.2893399989868612,0.5302680475119079,0,Restrictive,0,1.0
2008-06-01,0.04944466351618796,0.18666122394389226,-0.5182812391120813,0.9910444917211777,0.09545127977927288,-0.35010621325002433,0.7255772078187709,0,Restrictive,0,1.0
2008-07-01,0.01616271072405917,0.17820498834987364,-0.6486038926453241,0.8981679543311545,0.10052676817442956,-0.4283128754017493,0.6348673041805682,0,Restrictive,0,1.0
2008-08-01,0.03782765171191034,0.1739449636997518,-0.4683943311357958,0.0835617575629427,0.09545127977927288,-0.1743754738254439,0.08481141803506428,0,Restrictive,0,1.0
2008-09-01,0.0426582187656901,0.17604319595145537,-0.4467219274557735,-1.0679568987253558,-0.0009829997287061263,0.0710302951584893,-0.7894146255321595,0,Restrictive,0,1.0
2008-10-01,0.09529972617170421,0.18669601016259044,-0.19561990874490054,-3.428261809052968,-0.4273240249218766,0.7697072758829026,-2.685740543662477,0,Restrictive,0,1.0
2008-11-01,0.1928554146565948,0.1867650966225808,0.09050685782327789,-5.810250445383919,-0.7217023518409704,1.4775103091169484,-4.501600132600307,0,Restrictive,0,1.0
2008-12-01,0.23389005232746818,0.19177041829165062,0.26510611291867875,-3.7970230245120637,-0.8384385849295767,1.266356166919429,-3.111118827270982,0,Restrictive,0,1.0
2009-01-01,0.22508532741176113,0.17752966694552205,0.35692206148619504,-3.3601159998578503,-0.8435140733247335,1.2263093726707652,-2.7939661050217985,0,Restrictive,0,1.0
2009-02-01,0.20365533540812142,0.1700793097339295,0.3867072988743176,-2.36885775819443,-0.8079856545586359,1.0402930736189655,-2.0682276223354696,0,Restrictive,0,1.0
2009-03-01,0.20980618321010144,0.16137725558191388,0.48277901541581164,-2.3575118986406904,-0.8282876081392632,1.0937959868291933,-2.0584873313390544,0,Restrictive,0,1.0
2009-04-01,0.20618411739035408,0.15260893674090503,0.48303430878245024,-2.0813264058756187,-0.8435140733247335,1.0414639795470584,-1.8743297570502186,0,Restrictive,0,1.0
2009-05-01,0.19691363309439963,0.1513569797112751,0.44466835062107574,-1.5334450796832761,-0.8282876081392632,0.9131478257206157,-1.483632001856709,0,Restrictive,0,1.0
2009-06-01,0.15667947478909486,0.15181716958397642,0.31857301520236075,-0.7292771528662679,-0.8130611429537927,0.6753662395398056,-0.9300898076424297,0,Restrictive,0,1.0
2009-07-01,0.1666796604988241,0.15216273799592622,0.3783158249179817,-1.1493648758303767,-0.8384385849295767,0.7948003515467177,-1.2332171638926814,0,Restrictive,0,1.0
2009-08-01,0.15798491009619245,0.15030324466340375,0.330199687838682,-1.1539899017813782,-0.8384385849295767,0.7637809117579423,-1.2459629576492064,0,Restrictive,0,1.0
2009-09-01,0.1565312931231936,0.14560503787369508,0.3548185273018495,-1.0464486479613504,-0.8435140733247335,0.7557005996133647,-1.1701044575877761,0,Restrictive,0,1.0
2009-10-01,0.15873840318193136,0.1359231655874091,0.3684992575292251,-0.7734593113412793,-0.8587405385102038,0.7139240350197004,-0.9852137281233603,0,Restrictive,0,1.0
2009-11-01,0.15499090340955818,0.1390947361572509,0.33691322097439597,-0.34638556287137906,-0.8587405385102038,0.6201682243453532,-0.6871139963068449,0,Restrictive,0,1.0
2009-12-01,0.17110522745312215,0.13862994009026622,0.36878527472512307,-0.06440147103209538,-0.8587405385102038,0.5956529081159143,-0.47909571167725357,0,Restrictive,0,1.0
2010-01-01,0.1831022117127857,0.15334192437104746,0.34282872937810366,0.20951999533676485,-0.8638160269053605,0.5487151974012341,-0.28712796587631884,0,Restrictive,0,1.0
2010-02-01,0.20244928986372068,0.15978732973552798,0.4437702205316464,0.0037983660656588114,-0.8536650501150471,0.6518141190812502,-0.40618430972048564,0,Restrictive,0,1.0
2010-03-01,0.22500002810618597,0.16369082113307615,0.46619487585633573,-0.12849952421728608,-0.8384385849295767,0.698489570850052,-0.4820741363084117,0,Restrictive,0,1.0
2010-04-01,0.2458925495742234,0.16852808390961582,0.5323044434800698,0.02640696532292812,-0.8181366313489495,0.7157370379673884,-0.3441343774098521,0,Restrictive,0,1.0
2010-05-01,0.26330648105539767,0.17486577526554778,0.5459494398799729,-0.3043726345824574,-0.8181366313489495,0.795436415202947,-0.5724975745081754,0,Restrictive,0,1.0
2010-06-01,0.26528383223924146,0.18079292243960815,0.5763041431611813,-0.5105472670372115,-0.8282876081392632,0.8555968843463337,-0.7191376183904213,0,Restrictive,0,1.0
2010-07-01,0.2688220593451458,0.18801106730559689,0.5771193659823398,-0.9091267392373144,-0.8282876081392632,0.9332696911048298,-1.0000080065796302,0,Restrictive,0,1.0
2010-08-01,0.2768103813124091,0.1982420580184035,0.5213174104534514,-1.0585564394753537,-0.8232121197441064,0.9386894434154837,-1.1083100446056702,0,Restrictive,0,1.0
2010-09-01,0.27943912357509665,0.19927422342686213,0.5335061295613104,-1.1581261038513793,-0.8232121197441064,0.9651089032347153,-1.176415927626381,0,Restrictive,0,1.0
2010-10-01,0.26619390170688156,0.2047721503097633,0.42546286735581096,-0.7621261176694762,-0.8232121197441064,0.8316257909199057,-0.9136763834357869,0,Restrictive,0,1.0
2010-11-01,0.26296253985347,0.20615736407209756,0.4041992099517404,-0.6778716815035548,-0.8232121197441064,0.8040462044122506,-0.857540993531846,0,Restrictive,0,1.0
2010-12-01,0.24520064033758013,0.2124905329822753,0.31519248453474924,-0.37551907037017623,-0.8282876081392632,0.6968038555376193,-0.6621988980794706,0,Restrictive,0,1.0
2011-01-01,0.24276920140948563,0.21252188899185498,0.262335909210055,-0.02641985547838583,-0.8333630965344199,0.6057570498284033,-0.42634624586046144,0,Restrictive,0,1.0
2011-02-01,0.2377244511305627,0.20714609036601864,0.20872843355370385,0.11351656834358197,-0.8384385849295767,0.5472638018354068,-0.3405360895794514,0,Restrictive,0,1.0
2011-03-01,0.22334108936841932,0.21119492021602615,0.1883475482866759,0.44477808268486235,-0.8485895617198902,0.4737901962431742,-0.11693897143459224,0,Restrictive,0,1.0
2011-04-01,0.20921278697869072,0.21421794013288478,0.08852606164075727,0.6354551997631854,-0.8688915153005173,0.38464411804174886,-0.012205122943382229,0,Restrictive,0,1.0
2011-05-01,0.18479733507421034,0.21137426099886772,0.026625017625191247,0.40287655736702527,-0.8739670036956741,0.3789244081254705,-0.1952009801181074,0,Restrictive,0,1.0
2011-06-01,0.18096215301621973,0.2086310696964503,-0.015423804710564069,0.01693130239892541,-0.8739670036956741,0.42157995000514187,-0.4769567930967428,0,Restrictive,0,1.0
2011-07-01,0.17018003291944356,0.20486524211700147,-0.02392581577294499,0.14990643876576015,-0.8841179804859878,0.3876567366096829,-0.3930024468816441,0,Restrictive,0,1.0
2011-08-01,0.18242485586302856,0.19687419763917838,0.06411927652388419,-0.30675184994707144,-0.8688915153005173,0.5154701983724411,-0.6928644738054619,0,Restrictive,0,1.0
2011-09-01,0.19445794704019428,0.20021285566540606,0.09069959806828633,-0.5732671311532276,-0.879042492090831,0.5885362535387261,-0.8815662111810887,0,Restrictive,0,1.0
2011-10-01,0.20385339325691584,0.19959104138814224,0.12900309062149135,-0.43379439735279096,-0.8841179804859878,0.5904191495496981,-0.7781882858839726,0,Restrictive,0,1.0
2011-11-01,0.18744665559357043,0.19767917750181394,0.08416240297487933,-0.32087608084176217,-0.879042492090831,0.5345765479395562,-0.7051579190634119,0,Restrictive,0,1.0
2011-12-01,0.1857809428903586,0.19524774460683325,0.11356144302944803,-0.47978896437120305,-0.8841179804859878,0.5778613596563494,-0.8173281705258776,0,Restrictive,0,1.0
2012-01-01,0.18233940717082778,0.19571008418883007,0.11563529851463737,-0.3278249003193636,-0.879042492090831,0.5488911948813496,-0.7064370169710043,0,Restrictive,0,1.0
2012-02-01,0.19757926454706654,0.19932068523082344,0.13557709904444842,-0.00036178243737924036,-0.8688915153005173,0.5090483973965226,-0.46096381502396044,0,Restrictive,0,1.0
2012-03-01,0.17479816162148618,0.19475958897528428,0.07079561106065176,0.17406937922196636,-0.8536650501150471,0.4239090431804835,-0.3425616846678785,0,Restrictive,0,1.0
2012-04-01,0.157466261583385,0.18682525867983474,0.07078477483079089,0.01159184154492414,-0.8485895617198902,0.4376794114694803,-0.45924473342392275,0,Restrictive,0,1.0
2012-05-01,0.16894276364071117,0.18362309439960595,0.12432497321272513,-0.10546267703610611,-0.8384385849295767,0.48961175872461193,-0.5259589361340072,0,Restrictive,0,1.0
2012-06-01,0.1837869329574997,0.18259590935187153,0.17672804619782775,-0.324267766539163,-0.8384385849295767,0.5647192382225341,-0.6705465388666457,0,Restrictive,0,1.0
2012-07-01,0.19152724247903197,0.1861237296715617,0.1720707099072485,-0.31020467950115926,-0.8384385849295767,0.5659406400157894,-0.6592522749037149,0,Restrictive,0,1.0
2012-08-01,0.1757133524564746,0.18986924833571656,0.10856540945374143,-0.06883031348570577,-0.8536650501150471,0.48554660501642627,-0.509776310233914,0,Restrictive,0,1.0
2012-09-01,0.15545571588298215,0.1884892128621413,0.06418439011242745,0.3366102463086925,-0.8485895617198902,0.37579870323403053,-0.22962672921907587,0,Restrictive,0,1.0
2012-10-01,0.14551405393588573,0.1855115345797577,0.053060962722072336,0.3970858744690236,-0.8384385849295767,0.3492863127283355,-0.18431619552498163,0,Restrictive,0,1.0
2012-11-01,0.1617571475591203,0.18801949738947954,0.06180874008670194,0.17770171667616738,-0.8384385849295767,0.4036518899733807,-0.33527251213731907,0,Restrictive,0,1.0
2012-12-01,0.17452861317370627,0.18798239581001014,0.08639487752287753,0.2602189479726886,-0.8384385849295767,0.4092495126693653,-0.27052333903210096,0,Restrictive,0,1.0
2013-01-01,0.17657777365821728,0.1818612767376102,0.10414661122387635,0.42603928895903176,-0.8485895617198902,0.3894576270170401,-0.1572244226441922,0,Restrictive,0,1.0
2013-02-01,0.15662993597265887,0.1794723756139521,0.10609792525420392,0.5002732313732614,-0.8435140733247335,0.36357397046875367,-0.10504547349677461,0,Restrictive,0,1.0
2013-03-01,0.17908382549011184,0.18362808111641077,0.1414954135482379,0.5216682808174565,-0.8485895617198902,0.3948991497993639,-0.08270912031722798,0,Restrictive,0,1.0
2013-04-01,0.1974417190805176,0.19165074916652636,0.1815270673476335,0.25145395976798623,-0.8435140733247335,0.4782162478672633,-0.2602313781691766,0,Restrictive,0,1.0
2013-05-01,0.20436748619956777,0.19734415865083818,0.16133873045776087,0.06273033986493767,-0.8638160269053605,0.5130975952910518,-0.40802187875061713,0,Restrictive,0,1.0
2013-06-01,0.19944234075248182,0.19630747749675248,0.16346067438697442,-0.2652855250209477,-0.8739670036956741,0.5721099073233088,-0.6480880475032297,0,Restrictive,0,1.0
2013-07-01,0.1955765340235891,0.1927443040585906,0.15459677825799772,-0.1528409916561185,-0.8739670036956741,0.5430964645236805,-0.5710009657521214,0,Restrictive,0,1.0
2013-08-01,0.1837552205921682,0.18777834585989922,0.13701581173773056,-0.16073737742612032,-0.879042492090831,0.526958810951967,-0.5856409420475663,0,Restrictive,0,1.0
2013-09-01,0.1823389149128434,0.18798647906001717,0.13047498367673782,-0.30958424919065897,-0.879042492090831,0.5493711169189405,-0.6925486840221097,0,Restrictive,0,1.0
2013-10-01,0.17893998365314887,0.19149416896756882,0.09524312811061882,-0.2926070197851546,-0.8739670036956741,0.5260987193774778,-0.6827767740462506,0,Restrictive,0,1.0
2013-11-01,0.1616957824999795,0.18801615867915095,0.06848953316430934,-0.33449942429127055,-0.879042492090831,0.508896723734054,-0.7237072823028518,0,Restrictive,0,1.0
2013-12-01,0.13531042004898683,0.18256500041117282,-0.03635872686664791,-0.4797889643712038,-0.8739670036956741,0.4593149899093293,-0.8458334434253719,0,Restrictive,0,1.0
2014-01-01,0.09502772305939038,0.1829860919800192,-0.18576705064014018,-0.36066634475517223,-0.8841179804859878,0.337693265924255,-0.7984276139351537,0,Restrictive,0,1.0
2014-02-01,0.10154645067743312,0.18556851662723275,-0.24471129159164656,-0.2979266901986298,-0.8841179804859878,0.2996882180043555,-0.7614862802810457,0,Restrictive,0,1.0
2014-03-01,0.10451160040546596,0.18818919352067995,-0.26229946277991295,-0.2928326308071547,-0.879042492090831,0.29111478638997323,-0.756384149964992,0,Restrictive,0,1.0
2014-04-01,0.10077097371090556,0.19081700194035764,-0.30130702465947545,-0.23823476348314068,-0.8739670036956741,0.2583992306687974,-0.7207190115784857,0,Restrictive,0,1.0
2014-05-01,0.10711474394202339,0.1884438039477605,-0.2411736971675881,-0.017361572945083264,-0.8739670036956741,0.2535922022609274,-0.553768863416292,0,Restrictive,0,1.0
2014-06-01,0.1137082422234728,0.18964786035409167,-0.21691521250519186,0.04302697727693203,-0.8688915153005173,0.2589644409799995,-0.5024458788589617,0,Restrictive,0,1.0
2014-07-01,0.1158118642603331,0.19227171400952428,-0.2303386290760341,0.04377901401693264,-0.8739670036956741,0.25546028626679057,-0.5063978877621981,0,Restrictive,0,1.0
2014-08-01,0.11652430510102867,0.1930036125317347,-0.25358953364737835,-0.1811551749171258,-0.8739670036956741,0.2839256157618178,-0.6694571610965114,0,Restrictive,0,1.0
2014-09-01,0.10592000826524234,0.19512889962552082,-0.30258921490824203,-0.4673803581611998,-0.8739670036956741,0.3039281953009355,-0.8818718518181202,0,Restrictive,0,1.0
2014-10-01,0.11133817038334605,0.1958807572555873,-0.2771371739127702,-0.8066617334122879,-0.8739670036956741,0.3817707326458037,-1.1176039420476451,0,Restrictive,0,1.0
2014-11-01,0.12542038758691118,0.1997181262004146,-0.26581660066381996,-0.8128911044086228,-0.8739670036956741,0.3989448163448216,-1.1169992755498275,0,Restrictive,0,1.0
2014-12-01,0.1346536803996361,0.2031065853770352,-0.2336716500219642,-1.1659472859473814,-0.8587405385102038,0.4826630258817577,-1.3505887538117658,0,Restrictive,0,1.0
2015-01-01,0.16196846209194282,0.20646922410938834,-0.14546392902552746,-1.2806817711855112,-0.8638160269053605,0.5691152740556475,-1.4158614216599268,0,Restrictive,0,1.0
2015-02-01,0.14416735211307116,0.21001647337666962,-0.1559378281806961,-1.0138379600620782,-0.8638160269053605,0.507815186189752,-1.2306813258762552,0,Restrictive,0,1.0
2015-03-01,0.14618996722328667,0.20635050002905447,-0.1460401019240427,-0.8137684806052898,-0.8638160269053605,0.47648018062993946,-1.0873967208232496,0,Restrictive,0,1.0
2015-04-01,0.15900894276499594,0.20700129000615705,-0.10659636217271166,-0.5697701603122263,-0.8587405385102038,0.46037335768735577,-0.9023202522269043,0,Restrictive,0,1.0
2015-05-01,0.15471408169261244,0.21147952483404706,-0.11356864085543278,-0.5319464724739168,-0.8587405385102038,0.44993567229342935,-0.87654075286795,0,Restrictive,0,1.0
2015-06-01,0.15475103523360362,0.21182953484047887,-0.09138722402677052,-0.5437120872712197,-0.8536650501150471,0.4629738628818368,-0.87810958812289,0,Restrictive,0,1.0
2015-07-01,0.1451292332792158,0.20761811242557365,-0.06891455480311301,-0.7821829375252818,-0.8536650501150471,0.5100795688493508,-1.0463744421841383,0,Restrictive,0,1.0
2015-08-01,0.15365755144990345,0.2139575250988006,-0.04927724473714102,-1.2441591069074016,-0.8485895617198902,0.6102805690037619,-1.365311538935277,0,Restrictive,0,1.0
2015-09-01,0.17616200718870528,0.21223704030284862,0.022771082658459094,-1.373208611491435,-0.8485895617198902,0.6838203526922397,-1.4418343208692401,0,Restrictive,0,1.0
2015-10-01,0.18242440200301707,0.20919228690734953,0.05597876758115384,-1.3401189949314263,-0.8587405385102038,0.700153537450052,-1.4190133054582221,0,Restrictive,0,1.0
2015-11-01,0.1823518019133808,0.20648749299716312,0.08977374288636067,-1.1802439001835956,-0.8587405385102038,0.6882808613726692,-1.3007216155763541,0,Restrictive,0,1.0
2015-12-01,0.19906906213099007,0.2088523654452424,0.19065838447149291,-1.2283287335303976,-0.7978346777683224,0.7468408036734828,-1.2767522837906156,0,Restrictive,0,1.0
2016-01-01,0.22003464023140468,0.21128053565894106,0.2751546801600092,-1.3119057429171033,-0.7470797938167544,0.8078113403853681,-1.2862329627610374,0,Restrictive,0,1.0
2016-02-01,0.23371846451617587,0.2106007195362742,0.3312836488481541,-1.4978323798605675,-0.7267778402361273,0.8735589193583406,-1.3941075612037437,0,Restrictive,0,1.0
2016-03-01,0.2168780366399833,0.201932797043581,0.3078816269938349,-0.9322142671553204,-0.7369288170264409,0.7481458385125397,-1.0073537463318742,0,Restrictive,0,1.0
2016-04-01,0.2047906248972211,0.19510460519984077,0.31632604217373533,-0.8057216874872875,-0.731853328631284,0.7183348994149337,-0.9164273213164486,0,Restrictive,0,1.0
2016-05-01,0.19019846497471612,0.18781025403193397,0.25764640791986726,-0.7387152139532702,-0.731853328631284,0.6625181323138037,-0.8820302924956199,0,Restrictive,0,1.0
2016-06-01,0.18035522784071237,0.18607330358782123,0.21936983245183955,-0.8856255911123087,-0.7267778402361273,0.6604260554192439,-0.9911889640364585,0,Restrictive,0,1.0
2016-07-01,0.18421180688630545,0.18505984586939941,0.21449027134714124,-0.9679848946934297,-0.7217023518409704,0.6728395760881347,-1.0466645680377633,0,Restrictive,0,1.0
2016-08-01,0.19347282021570056,0.18406629025402604,0.24912881172649046,-1.115685073915716,-0.7166268634458137,0.7212943956158221,-1.1413385257338535,0,Restrictive,0,1.0
2016-09-01,0.204988685336426,0.1813286451456075,0.26573125298959493,-1.0356945225793472,-0.7166268634458137,0.7208402718617987,-1.0803487633135966,0,Restrictive,0,1.0
2016-10-01,0.19769865770074313,0.18884151861609288,0.2731780697555448,-0.7178273934997647,-0.7166268634458137,0.6681282819875209,-0.8535135281617184,0,Restrictive,0,1.0
2016-11-01,0.20462048928724463,0.18783376847351352,0.3074750679733703,-0.4937279653471073,-0.7115513750506569,0.6486064638565174,-0.6847406051085154,0,Restrictive,0,1.0
2016-12-01,0.20267886235713006,0.18932304787908108,0.26920521906169065,-0.23409856141313926,-0.6455700259136186,0.5648736177602444,-0.46447801775398534,0,Restrictive,0,1.0
2017-01-01,0.20365453756595295,0.1948622756929419,0.24538960913317684,-0.10459407460140598,-0.589739653566894,0.5185978364800672,-0.3395304620897139,0,Restrictive,0,1.0
2017-02-01,0.20877055011395107,0.19424189890404112,0.25635272383473573,-0.10226256280300007,-0.584664165171737,0.5253408016892718,-0.33210218250814105,0,Restrictive,0,1.0
2017-03-01,0.21184886127947003,0.20545203474771934,0.25880104276884314,-0.18967934787877988,-0.5186828160346988,0.5338250318289208,-0.34915031227124627,0,Restrictive,0,1.0
2017-04-01,0.21823744300275433,0.20672638273382918,0.24569699981268833,-0.34272828946211514,-0.4628524436879741,0.5445080113434387,-0.42287977254481346,0,Restrictive,0,1.0
2017-05-01,0.23242109767663272,0.2123229306304061,0.3183474207287113,-0.34630244302116864,-0.4577769552928173,0.5941011726714656,-0.40720181147416123,0,Restrictive,0,1.0
2017-06-01,0.23359023410650587,0.21106592422759507,0.32199911474482207,-0.5437120872712197,-0.391795606155779,0.6149463070467873,-0.5047286729706125,0,Restrictive,0,1.0
2017-07-01,0.2357148306736976,0.21207578656615797,0.32678545349201243,-0.5284720627351159,-0.3359652338090544,0.6026836183035901,-0.4570123413310572,0,Restrictive,0,1.0
2017-08-01,0.22608035903683343,0.20536557419643048,0.29848649301719415,-0.574885645006706,-0.3308897454138976,0.5853743156164299,-0.4941221247934236,0,Restrictive,0,1.0
2017-09-01,0.21189928424924848,0.20887783516767847,0.2788294762678071,-0.4581152655243977,-0.3359652338090544,0.5492021643808875,-0.4194969095118201,0,Restrictive,0,1.0
2017-10-01,0.21919706172360923,0.20561783374871137,0.29953900718089915,-0.3722477105511755,-0.3359652338090544,0.5472831670163878,-0.354552215308609,0,Restrictive,0,1.0
2017-11-01,0.2034725102430446,0.2096876230067041,0.22246544826226514,-0.3350218919211656,-0.3308897454138976,0.4912549993242932,-0.3391104226161152,0,Restrictive,0,1.0
2017-12-01,0.19686035064610446,0.2112037063212002,0.1831304395143807,-0.3121900564947597,-0.2598329078817025,0.4454509110518859,-0.2847201535498882,0,Restrictive,0,1.0
2018-01-01,0.17337681492220627,0.20804317891470794,0.10254159980363571,-0.015707092117082686,-0.20400253553497782,0.3202522843038175,-0.05615705307241745,0,Restrictive,0,1.0
2018-02-01,0.17480337543555902,0.2062892996781999,0.07294868130845535,0.03397087169208751,-0.19892704713982104,0.2939477228992643,-0.022354972693112502,0,Restrictive,0,1.0
2018-03-01,0.19142298563257176,0.20288040089701245,0.10913443806579835,0.1315417015749552,-0.1532476515834099,0.29204950841785654,0.08410421342389805,0,Restrictive,0,1.0
2018-04-01,0.19677835608167574,0.2040136435942684,0.11571602743607233,0.18034888600096802,-0.06188886047058767,0.2677960187636171,0.1791816074789306,0,Restrictive,0,1.0
2018-05-01,0.18744167652636096,0.19857463106027107,0.041937247360072795,0.27119492419299196,-0.05681337207543088,0.20224699884493594,0.23265712564564076,0,Restrictive,0,1.0
2018-06-01,0.1817524520245569,0.20324805470705395,-0.010875969774411723,0.21178402173297667,0.004092488666450669,0.16864960508201288,0.22081807144227097,0,Restrictive,0,1.0
2018-07-01,0.18882939835497808,0.20741525190754267,-0.004215053847276512,0.16794027979096482,0.04977188422286172,0.17498283211103954,0.22188592161627965,0,Restrictive,0,1.0
2018-08-01,0.1847835710329758,0.2145247605345216,-0.017862624182131904,0.06410362434667716,0.04977188422286172,0.18786543494471994,0.14657634663459781,0,Restrictive,0,1.0
2018-09-01,0.18235929377971064,0.21493067416078923,-0.03990964649563265,0.108944976582002,0.0700738378034889,0.16177656618813477,0.18751959565351511,0,Restrictive,0,1.0
2018-10-01,0.18461626811726656,0.21528767625426698,-0.05697118473252328,0.07220600278894,0.19188555928725187,0.13033914549983866,0.2368659675190754,0,Restrictive,0,1.0
2018-11-01,0.20096180248019146,0.21605983735372833,0.0016839367998806006,-0.17581947424682431,0.1969610476824088,0.21461789543330723,0.07634723493408573,0,Restrictive,0,1.0
2018-12-01,0.21132780403375462,0.21312798359836552,0.030360656020352445,-0.5978231097582866,0.23248946644850624,0.3008840705225079,-0.19472131067293308,0,Restrictive,0,1.0
2019-01-01,0.22411169296757236,0.2127227378821409,0.07973805436655004,-0.5517588803892219,0.29847081558554445,0.30981142879353407,-0.1099761121131098,0,Restrictive,0,1.0
2019-02-01,0.21232177468096725,0.2166528775674233,0.018641662515346873,-0.3271848774727424,0.29847081558554445,0.23227977998228627,0.03842025744139326,0,Restrictive,0,1.0
2019-03-01,0.17367107586785072,0.20430656533166397,-0.09763278713557459,-0.22499891685913723,0.30354630398070137,0.12164513562288877,0.08670684427919914,0,Restrictive,0,1.0
2019-04-01,0.11979706851586319,0.17380624869444108,-0.29501556843421783,-0.18611861740112712,0.3086217923758581,-0.039976360908613395,0.07130237070940604,0,Restrictive,0,1.0
2019-05-01,0.11455807432898307,0.164087452181717,-0.2175353066717656,-0.41263208348918606,0.2933953271903878,0.037869154275488134,-0.08974210740361378,0,Restrictive,0,1.0
2019-06-01,0.13820872694195788,0.16249694404446904,-0.12956870923064076,-0.6891635131546576,0.2883198387952309,0.14834780242396042,-0.27146341804145796,0,Restrictive,0,1.0
2019-07-01,0.1509911548603763,0.1797417172298695,-0.09771890725427902,-0.6360998007802436,0.29847081558554445,0.17018218662647192,-0.21690728875295776,0,Restrictive,0,1.0
2019-08-01,0.16395589827513088,0.1871378748723667,-0.03566422093147739,-0.9819614975063332,0.1614326289163111,0.3108625061846426,-0.5363339947060317,0,Restrictive,0,1.0
2019-09-01,0.16897168806395144,0.18698560491440933,0.009326086742630477,-0.9592988703464277,0.11575323335990005,0.3451527628298998,-0.5414151632239729,0,Restrictive,0,1.0
2019-10-01,0.16164384022382508,0.1832050116825955,0.02754908524082722,-0.9440588458103235,0.009167977061607465,0.3725704825750107,-0.5976748357251418,0,Restrictive,0,1.0
2019-11-01,0.15915124508665449,0.18471291628887948,0.059355156290410375,-0.6901692633422049,-0.1329456980027827,0.3790822004123267,-0.5032061055474658,0,Restrictive,0,1.0
2019-12-01,0.1657509166207502,0.18265165416866758,0.10918557999588939,-0.5633402461852253,-0.1329456980027827,0.3858421681285499,-0.4045282719239306,0,Restrictive,0,1.0
2020-01-01,0.16818801585306356,0.17131054312982172,0.19959882995915462,-0.5095696192752107,-0.1329456980027827,0.42013893706858985,-0.353771292654014,0,Restrictive,0,1.0
2020-02-01,0.18168958576693298,0.16691385525309557,0.3937293441439299,-0.6334815254986117,-0.11771923281731231,0.5484347155078123,-0.3999137799980557,0,Restrictive,0,1.0
2020-03-01,0.22721600485115162,0.1838027264337405,0.5864055492171002,-2.2082702075876517,-0.589739653566894,1.0859291864918517,-1.7770753713459806,0,Restrictive,0,1.0
2020-04-01,0.29405751895121207,0.24457163636506363,0.8624845863359897,-2.0622998763536136,-0.8942689572763013,1.3552975651006993,-1.801145588850903,0,Restrictive,0,1.0
2020-05-01,0.329875515762936,0.28160624775926874,0.9427510983005903,-2.051132130764611,-0.8942689572763013,1.4370391436086547,-1.7674592015667197,0,Restrictive,0,1.0
2020-06-01,0.34709046775829155,0.3114139045093079,0.9639578846908344,-1.6184101905684989,-0.879042492090831,1.3933875240637799,-1.4387675027270912,0,Restrictive,0,1.0
2020-07-01,0.34478845778009903,0.3009556166957699,0.9825265422377061,-1.0988280069023637,-0.8739670036956741,1.3021804456909356,-1.0660836357732053,0,Restrictive,0,1.0
2020-08-01,0.3405389957037496,0.2885586437056037,0.9826034685369416,-0.6865990678712567,-0.8688915153005173,1.218028343673535,-0.773209312087869,0,Restrictive,0,1.0
2020-09-01,0.34962602741258614,0.2914477973591312,1.0015419952771591,-0.718034203603265,-0.8739670036956741,1.2417848216361262,-0.7936160447370596,0,Restrictive,0,1.0
2020-10-01,0.3899440519740225,0.3183186968609094,1.0836954196370476,-0.6683997787632519,-0.8739670036956741,1.3145438481071732,-0.7333348354994351,0,Restrictive,0,1.0
2020-11-01,0.42036768253703777,0.3358032958579721,1.0977714541196704,-0.5566787839040654,-0.8739670036956741,1.3287424676875532,-0.643144365452383,0,Restrictive,0,1.0
2020-12-01,0.43279253271667245,0.35942476673068285,0.9932787422814496,-0.1394171358471149,-0.8739670036956741,1.2176617928862792,-0.35682932927082417,0,Restrictive,0,1.0
2021-01-01,0.45033090917352897,0.3852815960144345,0.9919400076413376,0.2735222799988873,-0.8739670036956741,1.1671451080546023,-0.056071226420029346,0,Restrictive,0,1.0
2021-02-01,0.4675959268394999,0.4036158373849008,0.9754038001048287,0.6355923475160333,-0.879042492090831,1.1144631440100985,0.20155698592216387,0,Restrictive,0,1.0
2021-03-01,0.49655971264554016,0.40486288379317853,1.018910654410241,0.9576311723904741,-0.8841179804859878,1.0984145495659767,0.43924421602269803,0,Restrictive,0,1.0
2021-04-01,0.48102902199924386,0.39005930102283476,1.055913735528737,1.0142448251501839,-0.8841179804859878,1.0914589730906146,0.4797515398676956,0,Restrictive,0,1.0
2021-05-01,0.4950071749868282,0.3839625591307742,1.0442486768532657,1.2226304456205386,-0.8891934688811446,1.0535476077014851,0.6240610563455952,0,Restrictive,0,1.0
2021-06-01,0.5151331833161571,0.37851428358442846,1.0863893995936311,0.9013265086391548,-0.879042492090831,1.1394090692470864,0.4117387025025464,0,Restrictive,0,1.0
2021-07-01,0.4915587395962873,0.37822067817329075,0.8610919632805583,0.9571276347471693,-0.8688915153005173,0.9919682616260901,0.4181405014026833,0,Restrictive,0,1.0
2021-08-01,0.4806106362993427,0.39588446848107717,0.7729222959462279,0.9518633775671681,-0.8739670036956741,0.9502394712152399,0.3985217340311587,0,Restrictive,0,1.0
2021-09-01,0.4792205650696873,0.41135390266683874,0.6914241586136037,0.9571276347471693,-0.879042492090831,0.9143269396020712,0.388767691327337,0,Restrictive,0,1.0
2021-10-01,0.4594547972077084,0.39629204956143255,0.5362492084884571,1.3885335106482815,-0.879042492090831,0.7340599140172891,0.6643683723385848,0,Restrictive,0,1.0
2021-11-01,0.4304439659332473,0.3814208764251639,0.4433426041325373,1.8011196671308882,-0.879042492090831,0.5857592324939314,0.9347287039770119,0,Restrictive,0,1.0
2021-12-01,0.39767887524462553,0.36841456953862306,0.38447714212662437,1.3956402578412832,-0.879042492090831,0.6010761599903691,0.629362130726835,0,Restrictive,0,1.0
2022-01-01,0.3941470775677361,0.3617364985913896,0.3271235029697763,1.4788681638571044,-0.879042492090831,0.5495600280029301,0.6776049039671485,0,Restrictive,0,1.0
2022-02-01,0.3772978758351888,0.35984863652718907,0.18240927967324697,1.6065984376756535,-0.879042492090831,0.438154403382196,0.7421741865094463,0,Restrictive,0,1.0
2022-03-01,0.3298509859869871,0.362981007646509,0.02403685298858351,2.5452853617294946,-0.8181366313489495,0.14501560339683686,1.4144228202543836,0,Restrictive,0,1.0
2022-04-01,0.3313271938699352,0.36058523849157004,-0.06753245027515525,2.3796088886412385,-0.7521552822119112,0.10829768328803493,1.324338367324142,0,Restrictive,0,1.0
2022-05-01,0.29400159711192037,0.3524974994871078,-0.24778640721589743,1.8786734559434084,-0.5288337928250124,0.019863234925902484,1.0745423458329715,0,Restrictive,0,1.0
2022-06-01,0.2455906812007493,0.3303612598284672,-0.34924666110400865,1.6462188996093479,-0.30551230343811364,-0.0879542390810473,1.0231504186449978,0,Restrictive,0,1.0
2022-07-01,0.25549572277102384,0.3233800517359892,-0.23004005723708737,1.1079749242401085,-0.06696434886574447,0.015091458921394369,0.8123339368784844,0,Restrictive,0,1.0
2022-08-01,0.2753282107136466,0.3095742709129625,-0.12321472680336881,1.2824129523218628,0.26294239681944703,-0.036934407330308415,1.1642858527635684,0,Restrictive,0,1.0
2022-09-01,0.27371799443591427,0.2972061965796555,-0.07560915866628445,0.8768853145891486,0.3796786299080532,0.024573378722937644,0.9557598734318051,0,Restrictive,0,1.0
2022-10-01,0.25383144086887244,0.2925705406331943,-0.09261302273573092,0.9116707739978576,0.6436040264562063,-0.06996996102605545,1.1415285803598665,0,Restrictive,0,1.0
2022-11-01,0.24845223449654547,0.29213961575595715,-0.101226615938358,0.8665034473934462,0.9988882141171815,-0.15798184171747123,1.3334724679540104,0,Restrictive,0,1.0
2022-12-01,0.25678034409977796,0.2874508404190555,-0.06515130924939226,0.644430758255088,1.161303842762199,-0.13707870957637042,1.2856645639881523,0,Restrictive,0,1.0
2023-01-01,0.2463992941732556,0.2848381927799385,-0.07931022850600065,0.5008218223846511,1.2780400758508053,-0.15524144101932313,1.2535357101260953,0,Restrictive,0,1.0
2023-02-01,0.24953464196316666,0.28042927672095547,0.009987344001414279,0.8705721640612524,1.3998517973345683,-0.20407077501849658,1.607421461336969,0,Restrictive,0,1.0
2023-03-01,0.2645775246315683,0.2829097383581342,0.04072042937044135,0.7506772009923334,1.4404557044958226,-0.1663845062267893,1.5561902363377136,0,Restrictive,0,1.0
2023-04-01,0.25882789677922696,0.27421130737980626,0.07643842406710656,0.6293749827202841,1.5318144956086448,-0.15609078934728735,1.5312960268380333,0,Restrictive,0,1.0
2023-05-01,0.25351269609243915,0.26361751172819203,0.10440427943614053,0.3643722762790162,1.6485507286972507,-0.13139559063460057,1.419088496834147,0,Restrictive,0,1.0
2023-06-01,0.24101254253886634,0.25771685535044736,0.11167990278853449,0.3366973242470083,1.6587017054875646,-0.13524597955206452,1.4037190918882205,0,Restrictive,0,1.0
2023-07-01,0.23969957077035264,0.25610560691514433,0.13711174561260556,0.4547858933455392,1.6790036590681918,-0.1492879962435273,1.503944891788436,0,Restrictive,0,1.0
2023-08-01,0.22444819155154103,0.2586169686989589,0.03643009893358476,0.510489745136097,1.7855889153664843,-0.24717330780644178,1.5932964774830891,0,Restrictive,0,1.0
2023-09-01,0.21620685608548015,0.25849170841397767,-0.03362127143405735,0.5346973173379597,1.7855889153664843,-0.2939845274792552,1.597971564190759,0,Restrictive,0,1.0
2023-10-01,0.22315719459639477,0.2592387571423983,0.037924260366704744,0.6328493924590854,1.7855889153664843,-0.2686197198243717,1.6802668556558895,0,Restrictive,0,1.0
2023-11-01,0.22957231980906026,0.258655376375634,0.08153848919387502,0.5236536578110565,1.7855889153664843,-0.2222963083054359,1.6106552941717363,0,Restrictive,0,1.0
2023-12-01,0.23647053951977787,0.25533450740807356,0.13937580492475557,0.31580950379350303,1.7855889153664843,-0.15189686021869586,1.4728433415638544,0,Restrictive,0,1.0
2024-01-01,0.2419577548292091,0.2585197491008756,0.1837939656942504,0.4847733583530465,1.7855889153664843,-0.1533100113331477,1.6013226372708442,0,Restrictive,0,1.0
2024-02-01,0.2333180228947351,0.2518684304668622,0.1560485713395343,0.645009826544888,1.7855889153664843,-0.20542798629244247,1.7079509191956581,0,Restrictive,0,1.0
2024-03-01,0.21417680297705766,0.2368300883198963,0.13581650431450198,0.756190938186517,1.7855889153664843,-0.2551897203985953,1.7775177407719474,0,Restrictive,0,1.0
2024-04-01,0.2115951576348358,0.23533148709696208,0.10001181922526395,0.8784269899061488,1.7855889153664843,-0.29864930058029904,1.8579344128494513,0,Restrictive,0,1.0
2024-05-01,0.21396165433650033,0.2348658615547157,0.1346172218820565,0.6731209598860955,1.7855889153664843,-0.24218916117288267,1.717968919961927,0,Restrictive,0,1.0
2024-06-01,0.227792386582522,0.24150077968045333,0.15582454577141108,0.4664434523375688,1.7855889153664843,-0.18242326013235266,1.578289504501173,0,Restrictive,0,1.0
2024-07-01,0.23062816525566698,0.24806903149472131,0.1634413915542468,0.4149091452070289,1.7855889153664843,-0.1638849400242295,1.544597537807491,0,Restrictive,0,1.0
2024-08-01,0.23956800741420978,0.25069057183306526,0.1924899370956079,0.04772720690193316,1.7855889153664843,-0.0761200380018819,1.2906003699514854,0,Restrictive,0,1.0
2024-09-01,0.24339896311965242,0.24648978007582018,0.24238976329645862,0.036988122254730575,1.6840791474633483,-0.022241721517404254,1.2260562848550223,0,Restrictive,0,1.0
2024-10-01,-4.4562396703712075,-4.4657146515030135,0.20896385746956128,0.49624191863805006,1.5318144956086448,-5.3023074618114405,-0.25169687012249925,1,Accommodative,1,1.0
2024-11-01,0.22852181371988436,0.22723651618803106,0.22416837552033564,0.7681685086018574,1.4353802161006655,-0.12000141514063421,1.577584769228646,0,Restrictive,0,1.0
2024-12-01,0.22655388109403457,0.22940645003313556,0.21033073839462718,0.72632755924111,1.3541724017781573,-0.09972369588317763,1.4939929893911112,0,Restrictive,0,1.0
2025-01-01,0.21459739550803733,0.22325634318775048,0.16330542352813546,0.9463735093651667,1.2780400758508053,-0.15561301207584327,1.5910235560874908,0,Restrictive,0,1.0
2025-02-01,0.216549949371724,0.2214465530225574,0.22024683290118788,1.1494392615176403,1.2780400758508053,-0.16108739005531936,1.744134553821361,0,Restrictive,0,1.0
2025-03-01,-4.4562396703712075,-4.4657146515030135,-4.4321780349806925,1.0191706657971853,1.2780400758508053,-7.8395042396324985,-0.7701641896647305,1,Accommodative,1,1.0
2025-04-01,-4.4562396703712075,-4.4657146515030135,-4.4321780349806925,0.6990286255791024,1.2780400758508053,-7.782256735394557,-0.9974226716211506,1,Accommodative,1,1.0
2025-05-01,-4.4562396703712075,-4.4657146515030135,-4.4321780349806925,0.761071656629119,1.2780400758508053,-7.79335121296005,-0.9533803301567277,1,Accommodative,1,1.0
2025-06-01,-4.4562396703712075,-4.4657146515030135,-4.4321780349806925,0.6597760679347922,1.2780400758508053,-7.7752376292547885,-1.0252867929876421,1,Accommodative,1,1.0
2025-07-01,-4.4562396703712075,-4.4657146515030135,-4.4321780349806925,0.8634238569431454,1.2780400758508053,-7.811653738980214,-0.8807238129045108,1,Accommodative,1,1.0
2025-08-01,-4.4562396703712075,-4.4657146515030135,-4.4321780349806925,0.8562043042391434,1.2780400758508053,-7.810362745227138,-0.8858487399112801,1,Accommodative,1,1.0
2025-09-01,-4.4562396703712075,-4.4657146515030135,-4.4321780349806925,0.8338688130611375,1.2222097035040804,-7.792507194526457,-0.937283275277908,1,Accommodative,1,1.0
2025-11-01,-4.4562396703712075,-4.4657146515030135,-4.4321780349806925,0.7033027010514373,1.0496430980687494,-7.726314726629605,-1.139940294542202,1,Accommodative,1,1.0
2025-12-01,-4.4562396703712075,-4.4657146515030135,-4.4321780349806925,0.5831021621080723,0.968435283746241,-7.684658338943096,-1.2770184683215453,1,Accommodative,1,1.0
2026-01-01,-4.4562396703712075,-4.4657146515030135,-4.4321780349806925,0.7726943844458222,0.9278313765849867,-7.708479926094881,-1.1683089295515798,1,Accommodative,1,1.0
2026-02-01,-4.4562396703712075,-4.4657146515030135,-4.4321780349806925,0.8806296659367288,0.9278313765849867,-7.727780813539607,-1.0916891635113157,1,Accommodative,1,1.0
