Date,kmeans_cluster,regime,gmm_cluster,regime_confidence,Cluster_0_prob,Cluster_1_prob
2005-01-01,0,Restrictive,0,1.0,1.0,1.657321930054407e-30
2005-02-01,0,Restrictive,0,1.0,1.0,5.734634544480258e-29
2005-03-01,0,Restrictive,0,1.0,1.0,9.962725628402078e-29
2005-04-01,0,Restrictive,0,1.0,1.0,1.225619956002021e-28
2005-05-01,0,Restrictive,0,1.0,1.0,5.855461843887874e-29
2005-06-01,0,Restrictive,0,1.0,1.0,3.8170239168212775e-30
2005-07-01,0,Restrictive,0,1.0,1.0,4.699353304266684e-30
2005-08-01,0,Restrictive,0,1.0,1.0,7.791997844547143e-29
2005-09-01,0,Restrictive,0,1.0,1.0,8.682467825035148e-28
2005-10-01,0,Restrictive,0,1.0,1.0,3.8788497824350725e-27
2005-11-01,0,Restrictive,0,1.0,1.0,3.0389546203997668e-27
2005-12-01,0,Restrictive,0,1.0,1.0,2.356909418096043e-27
2006-01-01,0,Restrictive,0,1.0,1.0,4.323852343576457e-27
2006-02-01,0,Restrictive,0,1.0,1.0,1.723893962339504e-29
2006-03-01,0,Restrictive,0,1.0,1.0,1.8456670186868297e-30
2006-04-01,0,Restrictive,0,1.0,1.0,2.0359648129172434e-31
2006-05-01,0,Restrictive,0,1.0,1.0,4.746303274280353e-33
2006-06-01,0,Restrictive,0,1.0,1.0,7.51545589533521e-32
2006-07-01,0,Restrictive,0,1.0,1.0,2.018901197595433e-32
2006-08-01,0,Restrictive,0,1.0,1.0,1.9203911886122196e-31
2006-09-01,0,Restrictive,0,1.0,1.0,1.3764403410098652e-28
2006-10-01,0,Restrictive,0,1.0,1.0,1.8278548128268782e-28
2006-11-01,0,Restrictive,0,1.0,1.0,8.935470996538747e-29
2006-12-01,0,Restrictive,0,1.0,1.0,5.052607201344644e-29
2007-01-01,0,Restrictive,0,1.0,1.0,1.1177281610446752e-29
2007-02-01,0,Restrictive,0,1.0,1.0,2.234117213194062e-30
2007-03-01,0,Restrictive,0,1.0,1.0,1.8233604386172538e-31
2007-04-01,0,Restrictive,0,1.0,1.0,5.882655948394383e-32
2007-05-01,0,Restrictive,0,1.0,1.0,5.580703397920578e-31
2007-06-01,0,Restrictive,0,1.0,1.0,2.7270989715297653e-31
2007-07-01,0,Restrictive,0,1.0,1.0,7.898257819142491e-31
2007-08-01,0,Restrictive,0,1.0,1.0,1.0081462743039231e-29
2007-09-01,0,Restrictive,0,1.0,1.0,1.857218838450408e-29
2007-10-01,0,Restrictive,0,1.0,1.0,3.505859872935612e-28
2007-11-01,0,Restrictive,0,1.0,1.0,2.3286229963828766e-26
2007-12-01,0,Restrictive,0,1.0,1.0,1.3310130378364818e-25
2008-01-01,0,Restrictive,0,1.0,1.0,1.518090372059617e-26
2008-02-01,0,Restrictive,0,1.0,1.0,5.2594585021302836e-30
2008-03-01,0,Restrictive,0,1.0,1.0,7.301553380883158e-29
2008-04-01,0,Restrictive,0,1.0,1.0,4.326453503578052e-31
2008-05-01,0,Restrictive,0,1.0,1.0,1.3653759186910745e-29
2008-06-01,0,Restrictive,0,1.0,1.0,8.411056681065865e-27
2008-07-01,0,Restrictive,0,1.0,1.0,1.433979823058559e-26
2008-08-01,0,Restrictive,0,1.0,1.0,6.991867826046432e-39
2008-09-01,0,Restrictive,0,1.0,1.0,1.3577162859496511e-70
2008-10-01,0,Restrictive,0,1.0,1.0,2.623425546857492e-205
2008-11-01,0,Restrictive,0,1.0,1.0,0.0
2008-12-01,0,Restrictive,0,1.0,1.0,7.728356397570689e-260
2009-01-01,0,Restrictive,0,1.0,1.0,5.651937137349835e-230
2009-02-01,0,Restrictive,0,1.0,1.0,8.789686430346354e-167
2009-03-01,0,Restrictive,0,1.0,1.0,1.2633735596374073e-167
2009-04-01,0,Restrictive,0,1.0,1.0,2.6009215584176806e-153
2009-05-01,0,Restrictive,0,1.0,1.0,4.330249310548831e-125
2009-06-01,0,Restrictive,0,1.0,1.0,4.741511358551107e-90
2009-07-01,0,Restrictive,0,1.0,1.0,4.794552848427881e-108
2009-08-01,0,Restrictive,0,1.0,1.0,5.302567772851304e-108
2009-09-01,0,Restrictive,0,1.0,1.0,8.709771284211065e-104
2009-10-01,0,Restrictive,0,1.0,1.0,1.5918284312892604e-93
2009-11-01,0,Restrictive,0,1.0,1.0,4.741750027894544e-78
2009-12-01,0,Restrictive,0,1.0,1.0,3.091113283441733e-69
2010-01-01,0,Restrictive,0,1.0,1.0,1.7634781273380523e-61
2010-02-01,0,Restrictive,0,1.0,1.0,1.6518073959177865e-67
2010-03-01,0,Restrictive,0,1.0,1.0,3.1682933417872253e-71
2010-04-01,0,Restrictive,0,1.0,1.0,2.47078519148231e-66
2010-05-01,0,Restrictive,0,1.0,1.0,1.2745605790674695e-76
2010-06-01,0,Restrictive,0,1.0,1.0,4.69858940489538e-84
2010-07-01,0,Restrictive,0,1.0,1.0,5.6684385819662945e-99
2010-08-01,0,Restrictive,0,1.0,1.0,1.1424871647472157e-104
2010-09-01,0,Restrictive,0,1.0,1.0,6.943724401177613e-109
2010-10-01,0,Restrictive,0,1.0,1.0,1.3921987269531032e-92
2010-11-01,0,Restrictive,0,1.0,1.0,2.3835692205778285e-89
2010-12-01,0,Restrictive,0,1.0,1.0,1.664578702161036e-78
2011-01-01,0,Restrictive,0,1.0,1.0,1.948112643088449e-67
2011-02-01,0,Restrictive,0,1.0,1.0,2.6616028486581e-63
2011-03-01,0,Restrictive,0,1.0,1.0,9.238439434384366e-55
2011-04-01,0,Restrictive,0,1.0,1.0,2.567719892129182e-50
2011-05-01,0,Restrictive,0,1.0,1.0,1.3618702953983869e-55
2011-06-01,0,Restrictive,0,1.0,1.0,6.660523080641195e-66
2011-07-01,0,Restrictive,0,1.0,1.0,2.897703080914419e-62
2011-08-01,0,Restrictive,0,1.0,1.0,3.459561226071746e-76
2011-09-01,0,Restrictive,0,1.0,1.0,6.235597226974531e-86
2011-10-01,0,Restrictive,0,1.0,1.0,2.3452413442583974e-81
2011-11-01,0,Restrictive,0,1.0,1.0,4.351203339800486e-77
2011-12-01,0,Restrictive,0,1.0,1.0,8.130692591889555e-83
2012-01-01,0,Restrictive,0,1.0,1.0,1.9694516979820983e-77
2012-02-01,0,Restrictive,0,1.0,1.0,5.9070065065670476e-67
2012-03-01,0,Restrictive,0,1.0,1.0,3.489025142224428e-61
2012-04-01,0,Restrictive,0,1.0,1.0,1.470591298536986e-65
2012-05-01,0,Restrictive,0,1.0,1.0,4.941623199847354e-69
2012-06-01,0,Restrictive,0,1.0,1.0,2.973621153359085e-76
2012-07-01,0,Restrictive,0,1.0,1.0,8.238867216203115e-76
2012-08-01,0,Restrictive,0,1.0,1.0,2.4312438198462864e-68
2012-09-01,0,Restrictive,0,1.0,1.0,1.2826891877749216e-56
2012-10-01,0,Restrictive,0,1.0,1.0,9.412467929298967e-55
2012-11-01,0,Restrictive,0,1.0,1.0,1.4276706418326643e-60
2012-12-01,0,Restrictive,0,1.0,1.0,1.62550889642852e-58
2013-01-01,0,Restrictive,0,1.0,1.0,1.3295958808735753e-54
2013-02-01,0,Restrictive,0,1.0,1.0,1.2794032256704284e-52
2013-03-01,0,Restrictive,0,1.0,1.0,1.7760556566867598e-52
2013-04-01,0,Restrictive,0,1.0,1.0,2.2695459659224164e-59
2013-05-01,0,Restrictive,0,1.0,1.0,4.297804343792181e-65
2013-06-01,0,Restrictive,0,1.0,1.0,1.791037112541871e-75
2013-07-01,0,Restrictive,0,1.0,1.0,8.335677443165969e-72
2013-08-01,0,Restrictive,0,1.0,1.0,4.52346055815246e-72
2013-09-01,0,Restrictive,0,1.0,1.0,7.34773294909871e-77
2013-10-01,0,Restrictive,0,1.0,1.0,5.519458849579375e-76
2013-11-01,0,Restrictive,0,1.0,1.0,2.428717414665012e-77
2013-12-01,0,Restrictive,0,1.0,1.0,1.5184600316406398e-81
2014-01-01,0,Restrictive,0,1.0,1.0,7.227711186770809e-77
2014-02-01,0,Restrictive,0,1.0,1.0,1.658664558358341e-74
2014-03-01,0,Restrictive,0,1.0,1.0,4.1128422014505285e-74
2014-04-01,0,Restrictive,0,1.0,1.0,5.78367119799192e-72
2014-05-01,0,Restrictive,0,1.0,1.0,1.9265588173848296e-65
2014-06-01,0,Restrictive,0,1.0,1.0,1.1124667389978112e-63
2014-07-01,0,Restrictive,0,1.0,1.0,9.405559037234115e-64
2014-08-01,0,Restrictive,0,1.0,1.0,1.8035987510570263e-70
2014-09-01,0,Restrictive,0,1.0,1.0,1.080094837163551e-79
2014-10-01,0,Restrictive,0,1.0,1.0,2.4331373857813267e-92
2014-11-01,0,Restrictive,0,1.0,1.0,1.009833559885903e-92
2014-12-01,0,Restrictive,0,1.0,1.0,9.809203578569622e-107
2015-01-01,0,Restrictive,0,1.0,1.0,1.6680933836411914e-112
2015-02-01,0,Restrictive,0,1.0,1.0,4.7550798867576384e-101
2015-03-01,0,Restrictive,0,1.0,1.0,4.0635526381069815e-93
2015-04-01,0,Restrictive,0,1.0,1.0,4.414761677444155e-84
2015-05-01,0,Restrictive,0,1.0,1.0,1.0668474342824112e-82
2015-06-01,0,Restrictive,0,1.0,1.0,4.7067190301744786e-83
2015-07-01,0,Restrictive,0,1.0,1.0,6.520988700243215e-92
2015-08-01,0,Restrictive,0,1.0,1.0,9.378657071981511e-111
2015-09-01,0,Restrictive,0,1.0,1.0,6.873847158344514e-117
2015-10-01,0,Restrictive,0,1.0,1.0,5.247789394875518e-116
2015-11-01,0,Restrictive,0,1.0,1.0,3.747307990131186e-109
2015-12-01,0,Restrictive,0,1.0,1.0,2.9030600531792603e-109
2016-01-01,0,Restrictive,0,1.0,1.0,3.096514229198426e-111
2016-02-01,0,Restrictive,0,1.0,1.0,7.011170635502934e-119
2016-03-01,0,Restrictive,0,1.0,1.0,2.3569866923699925e-95
2016-04-01,0,Restrictive,0,1.0,1.0,2.5173003237432536e-90
2016-05-01,0,Restrictive,0,1.0,1.0,1.5641463980699459e-87
2016-06-01,0,Restrictive,0,1.0,1.0,1.2206926401688224e-92
2016-07-01,0,Restrictive,0,1.0,1.0,1.2681819206447335e-95
2016-08-01,0,Restrictive,0,1.0,1.0,1.6841560604364962e-101
2016-09-01,0,Restrictive,0,1.0,1.0,2.2093965129734574e-98
2016-10-01,0,Restrictive,0,1.0,1.0,2.4308961335432988e-86
2016-11-01,0,Restrictive,0,1.0,1.0,1.6303508748403217e-78
2016-12-01,0,Restrictive,0,1.0,1.0,4.063137902858869e-68
2017-01-01,0,Restrictive,0,1.0,1.0,9.197064161326506e-63
2017-02-01,0,Restrictive,0,1.0,1.0,1.2694856146250469e-62
2017-03-01,0,Restrictive,0,1.0,1.0,2.2850360373978993e-63
2017-04-01,0,Restrictive,0,1.0,1.0,3.3362144842503175e-66
2017-05-01,0,Restrictive,0,1.0,1.0,1.6032369388513297e-66
2017-06-01,0,Restrictive,0,1.0,1.0,1.4137051132977701e-70
2017-07-01,0,Restrictive,0,1.0,1.0,1.5770476811666502e-68
2017-08-01,0,Restrictive,0,1.0,1.0,1.2781212198350327e-69
2017-09-01,0,Restrictive,0,1.0,1.0,3.6471165334400063e-66
2017-10-01,0,Restrictive,0,1.0,1.0,8.53886595598015e-64
2017-11-01,0,Restrictive,0,1.0,1.0,2.8897804852776107e-62
2017-12-01,0,Restrictive,0,1.0,1.0,1.291581080264449e-59
2018-01-01,0,Restrictive,0,1.0,1.0,1.6190660501202028e-50
2018-02-01,0,Restrictive,0,1.0,1.0,3.6565027929067324e-49
2018-03-01,0,Restrictive,0,1.0,1.0,2.362070094426269e-46
2018-04-01,0,Restrictive,0,1.0,1.0,1.0628571446131168e-43
2018-05-01,0,Restrictive,0,1.0,1.0,1.4791186170798964e-41
2018-06-01,0,Restrictive,0,1.0,1.0,2.513412221052446e-41
2018-07-01,0,Restrictive,0,1.0,1.0,2.143676725847495e-41
2018-08-01,0,Restrictive,0,1.0,1.0,2.8543973025243324e-43
2018-09-01,0,Restrictive,0,1.0,1.0,5.928887629798023e-42
2018-10-01,0,Restrictive,0,1.0,1.0,1.996290119729435e-40
2018-11-01,0,Restrictive,0,1.0,1.0,2.3342057793409656e-45
2018-12-01,0,Restrictive,0,1.0,1.0,3.0588660998431656e-54
2019-01-01,0,Restrictive,0,1.0,1.0,7.0709401688663e-52
2019-02-01,0,Restrictive,0,1.0,1.0,1.3825470611111063e-46
2019-03-01,0,Restrictive,0,1.0,1.0,1.1798446247830035e-43
2019-04-01,0,Restrictive,0,1.0,1.0,2.0553302468888468e-41
2019-05-01,0,Restrictive,0,1.0,1.0,1.0663043514291766e-46
2019-06-01,0,Restrictive,0,1.0,1.0,7.170937216868396e-54
2019-07-01,0,Restrictive,0,1.0,1.0,1.2976198859860394e-52
2019-08-01,0,Restrictive,0,1.0,1.0,6.083779279060158e-66
2019-09-01,0,Restrictive,0,1.0,1.0,8.264204231973569e-67
2019-10-01,0,Restrictive,0,1.0,1.0,1.7189673234808346e-69
2019-11-01,0,Restrictive,0,1.0,1.0,4.699978426031026e-66
2019-12-01,0,Restrictive,0,1.0,1.0,1.2381545504333251e-62
2020-01-01,0,Restrictive,0,1.0,1.0,1.6845941859273104e-61
2020-02-01,0,Restrictive,0,1.0,1.0,1.9427158089778363e-65
2020-03-01,0,Restrictive,0,1.0,1.0,5.4654477161396574e-148
2020-04-01,0,Restrictive,0,1.0,1.0,1.1562145452698973e-156
2020-05-01,0,Restrictive,0,1.0,1.0,1.970945698537475e-156
2020-06-01,0,Restrictive,0,1.0,1.0,7.636844587848054e-134
2020-07-01,0,Restrictive,0,1.0,1.0,4.130381578995542e-110
2020-08-01,0,Restrictive,0,1.0,1.0,2.054008124477845e-93
2020-09-01,0,Restrictive,0,1.0,1.0,7.599070307749446e-95
2020-10-01,0,Restrictive,0,1.0,1.0,3.0732856328038937e-93
2020-11-01,0,Restrictive,0,1.0,1.0,3.350648633290882e-89
2020-12-01,0,Restrictive,0,1.0,1.0,6.396205904149446e-75
2021-01-01,0,Restrictive,0,1.0,1.0,6.066295319620659e-63
2021-02-01,0,Restrictive,0,1.0,1.0,4.1086205546304673e-54
2021-03-01,0,Restrictive,0,1.0,1.0,1.4342800601514057e-47
2021-04-01,0,Restrictive,0,1.0,1.0,1.5818358480311214e-46
2021-05-01,0,Restrictive,0,1.0,1.0,5.474080462419474e-43
2021-06-01,0,Restrictive,0,1.0,1.0,1.181752849823165e-48
2021-07-01,0,Restrictive,0,1.0,1.0,5.051503711247445e-47
2021-08-01,0,Restrictive,0,1.0,1.0,4.599049075175625e-47
2021-09-01,0,Restrictive,0,1.0,1.0,6.435885651455953e-47
2021-10-01,0,Restrictive,0,1.0,1.0,2.1537348238533167e-39
2021-11-01,0,Restrictive,0,1.0,1.0,2.986186980453727e-34
2021-12-01,0,Restrictive,0,1.0,1.0,1.0113600479886464e-38
2022-01-01,0,Restrictive,0,1.0,1.0,2.038240552036099e-37
2022-02-01,0,Restrictive,0,1.0,1.0,2.2358545074635324e-35
2022-03-01,0,Restrictive,0,1.0,1.0,6.722706047212662e-29
2022-04-01,0,Restrictive,0,1.0,1.0,1.225830543064817e-28
2022-05-01,0,Restrictive,0,1.0,1.0,1.5156254049213178e-28
2022-06-01,0,Restrictive,0,1.0,1.0,8.399382271498835e-28
2022-07-01,0,Restrictive,0,1.0,1.0,2.816216372784321e-30
2022-08-01,0,Restrictive,0,1.0,1.0,8.86502899523535e-28
2022-09-01,0,Restrictive,0,1.0,1.0,3.089151973009362e-29
2022-10-01,0,Restrictive,0,1.0,1.0,1.4757668122293749e-27
2022-11-01,0,Restrictive,0,1.0,1.0,7.960528977343376e-27
2022-12-01,0,Restrictive,0,1.0,1.0,6.500123206430459e-27
2023-01-01,0,Restrictive,0,1.0,1.0,9.400703797115407e-27
2023-02-01,0,Restrictive,0,1.0,1.0,8.0489842956674735e-28
2023-03-01,0,Restrictive,0,1.0,1.0,1.1205081464792678e-27
2023-04-01,0,Restrictive,0,1.0,1.0,1.3758051218084205e-27
2023-05-01,0,Restrictive,0,1.0,1.0,3.1041012359618845e-27
2023-06-01,0,Restrictive,0,1.0,1.0,3.687290920152978e-27
2023-07-01,0,Restrictive,0,1.0,1.0,1.760604288798803e-27
2023-08-01,0,Restrictive,0,1.0,1.0,1.7675798789071315e-27
2023-09-01,0,Restrictive,0,1.0,1.0,2.994584896172416e-27
2023-10-01,0,Restrictive,0,1.0,1.0,4.254365605181202e-28
2023-11-01,0,Restrictive,0,1.0,1.0,9.529151243057922e-28
2023-12-01,0,Restrictive,0,1.0,1.0,2.5752383522480942e-27
2024-01-01,0,Restrictive,0,1.0,1.0,4.80522779591435e-28
2024-02-01,0,Restrictive,0,1.0,1.0,1.166006549608417e-28
2024-03-01,0,Restrictive,0,1.0,1.0,3.762414982041955e-29
2024-04-01,0,Restrictive,0,1.0,1.0,6.1019965657667774e-30
2024-05-01,0,Restrictive,0,1.0,1.0,1.3805430796172985e-28
2024-06-01,0,Restrictive,0,1.0,1.0,9.892772653947423e-28
2024-07-01,0,Restrictive,0,1.0,1.0,1.275986396511365e-27
2024-08-01,0,Restrictive,0,1.0,1.0,2.273868003515435e-27
2024-09-01,0,Restrictive,0,1.0,1.0,8.602737057160893e-28
2024-10-01,1,Accommodative,1,1.0,5.6302776920477895e-99,1.0
2024-11-01,0,Restrictive,0,1.0,1.0,4.61082967982483e-28
2024-12-01,0,Restrictive,0,1.0,1.0,1.0034302155757131e-27
2025-01-01,0,Restrictive,0,1.0,1.0,5.8152072673386e-28
2025-02-01,0,Restrictive,0,1.0,1.0,3.369250863325302e-29
2025-03-01,1,Accommodative,1,1.0,2.1273671898692657e-217,1.0
2025-04-01,1,Accommodative,1,1.0,1.32903876828579e-218,1.0
2025-05-01,1,Accommodative,1,1.0,1.8455232694632965e-218,1.0
2025-06-01,1,Accommodative,1,1.0,1.1373109743817328e-218,1.0
2025-07-01,1,Accommodative,1,1.0,3.9514569895961727e-218,1.0
2025-08-01,1,Accommodative,1,1.0,3.7114222730740023e-218,1.0
2025-09-01,1,Accommodative,1,1.0,3.790461490235564e-218,1.0
2025-11-01,1,Accommodative,1,1.0,1.0210654294008663e-217,1.0
2025-12-01,1,Accommodative,1,1.0,4.8035659249415995e-217,1.0
2026-01-01,1,Accommodative,1,1.0,3.9389012452196715e-217,1.0
2026-02-01,1,Accommodative,1,1.0,3.639254476483962e-217,1.0
