date,PC1,PC2,PC3,PC4
2010-01-01,-3.5496532489103267,-1.7201616584489188,0.30504569300405804,-0.01876532269106678
2010-02-01,-3.50275015661533,-1.6402367840469825,0.26796384450914157,0.006102165007614209
2010-03-01,-3.375308427116706,-1.5083101939259114,0.20096676154202747,0.0003936118044737501
2010-04-01,-3.3059002558747674,-1.4396601009670307,0.18688605432023053,-0.006063013953108952
2010-05-01,-3.143493823354177,-1.1124331650205683,0.15776672987062135,0.019576542819126137
2010-06-01,-3.125356028816176,-1.0713575964217859,0.13397750540728268,0.04045730068012312
2010-07-01,-3.0776728775371653,-0.9876360832266683,0.09374729405700337,0.057554042858652295
2010-08-01,-3.024486507576791,-0.9075351703784199,0.060698062747747174,0.06762482329884803
2010-09-01,-2.9822459706320075,-0.845839326416635,0.02013889502502437,0.06471513357694433
2010-10-01,-2.967062331881002,-0.932007095505278,0.04353634850656262,0.04825868047155775
2010-11-01,-2.9266048205662063,-0.9250387838444344,0.032659564849197374,0.04436409480938653
2010-12-01,-2.805640175792927,-0.6951178117312773,-0.03778413698320841,0.048528562273498374
2011-01-01,-2.8121285876478757,-0.7564052844217478,-0.03486882231669057,0.04103311779117627
2011-02-01,-2.8271319585319246,-0.8627413786546092,-0.0028064427221925585,0.01405269908087405
2011-03-01,-2.679227367945543,-0.6232073123383851,-0.06965671876032983,0.022676040688121225
2011-04-01,-2.6891034489996604,-0.706947468154012,-0.02872976744164704,-0.006739005954943986
2011-05-01,-2.6759496663407334,-0.6738414129805554,-0.02526617622465123,-0.013630416765826887
2011-06-01,-2.6085429340053348,-0.612265836044893,-0.041117651521758676,-0.01862224015751502
2011-07-01,-2.5478460064055546,-0.4927208683831536,-0.06940666968662826,-0.0046821658865031255
2011-08-01,-2.4698765637919013,-0.32390770867281277,-0.1049917242245294,-0.006395872917522378
2011-09-01,-2.440641997264671,-0.3600105271308731,-0.10028472262175152,-0.024200939115938732
2011-10-01,-2.3388777891854193,-0.1952636001137908,-0.14028040451654508,-0.0226872586359561
2011-11-01,-2.3324737989415616,-0.19757174766937902,-0.13210057689205337,-0.041926060791637104
2011-12-01,-2.2602735281135087,-0.0656964121273655,-0.15391091795713754,-0.04206631089237811
2012-01-01,-2.1450680018862442,0.06826596019303391,-0.18220509705819626,-0.04116110059368878
2012-02-01,-2.05075792291551,0.12473641343737132,-0.20715269845203782,-0.03376907541298146
2012-03-01,-2.090578338724138,-0.009578565742549876,-0.15543527066966634,-0.06101162896198868
2012-04-01,-2.0128637961699396,0.17706658974429365,-0.19160437366327715,-0.04237502848425366
2012-05-01,-1.9844616606734051,0.23842861021459993,-0.19506810848793887,-0.039540448242577055
2012-06-01,-1.9981898061260426,0.2519684284209558,-0.17155777279981832,-0.03194566859489361
2012-07-01,-1.9510070599915363,0.29677314485245154,-0.18307620846349515,-0.030391394126610235
2012-08-01,-1.964032199103623,0.17184525242384635,-0.15938720033875345,-0.06214255766534794
2012-09-01,-1.9418101288359904,0.14104666805206667,-0.1539656562342628,-0.07509240390501191
2012-10-01,-1.896448137561024,0.23113926811018992,-0.16384179774814905,-0.07534701956394646
2012-11-01,-1.821057937851835,0.31063300389488335,-0.18872712588423252,-0.061526926930687474
2012-12-01,-1.772652691001862,0.3672386767860757,-0.18998867666436528,-0.07049904259580603
2013-01-01,-1.7270798367599183,0.3549721324640737,-0.19377672664280474,-0.06613426202978588
2013-02-01,-1.6389450323057781,0.46338087613971624,-0.2226803439301585,-0.09198182673556236
2013-03-01,-1.5941997465705762,0.5742535653411669,-0.22599656216515107,-0.07115275420409604
2013-04-01,-1.6003594611131475,0.5569601158051142,-0.19448082620908314,-0.06761195489492254
2013-05-01,-1.5565103116508865,0.5645764267474237,-0.19339868153344092,-0.06868414525058046
2013-06-01,-1.5180507251549322,0.6158116238909697,-0.19755494537996063,-0.07876371942703496
2013-07-01,-1.5300931704177463,0.5251050565769494,-0.1771535709603059,-0.0897176805132765
2013-08-01,-1.4481777998615155,0.6750448613237506,-0.19394996489327673,-0.07952813819677645
2013-09-01,-1.3684962606758975,0.8017240803766046,-0.21835560640696747,-0.06334703041126047
2013-10-01,-1.3452771035264577,0.7703335839708527,-0.20154077044289628,-0.05893264240949588
2013-11-01,-1.2815982794618899,0.8203086912925294,-0.20188086455025334,-0.046533602424481346
2013-12-01,-1.2425514597678953,0.8652190193481685,-0.22247235028860066,-0.0508273218764743
2014-01-01,-1.2977308945451105,0.7870147789101751,-0.1628871871049644,-0.06525201640710668
2014-02-01,-1.1646666788469997,0.9626850165658305,-0.23066094907046486,-0.05839986995974935
2014-03-01,-0.9981668773620791,1.1960802735886862,-0.3010753365903734,-0.04264929119153749
2014-04-01,-0.9428401977031509,1.206335337746744,-0.30142172015474256,-0.06148585990236716
2014-05-01,-0.8750081669251498,1.3030116520894506,-0.3150936455599948,-0.05407961815484526
2014-06-01,-0.7973476776781836,1.3855061843374903,-0.31768779161329763,-0.04475319125020928
2014-07-01,-0.7466046940116939,1.43901923258026,-0.31930330504394855,-0.039819862039625814
2014-08-01,-0.7144077902178766,1.3638570641754126,-0.30765224482544884,-0.023681483784262963
2014-09-01,-0.6680620302794844,1.4447087230101192,-0.2974706531860276,-0.02212170574516978
2014-10-01,-0.6190835505968937,1.4294164917336956,-0.28972924629517344,0.0006473919834152774
2014-11-01,-0.5157361196370601,1.588604746413127,-0.3168664746006759,0.008783549373035535
2014-12-01,-0.5018573129494005,1.5891667680638448,-0.2798964959385094,0.030311194225115475
2015-01-01,-0.5777593692915514,1.37454899616099,-0.19625473975703558,0.03695582846251992
2015-02-01,-0.6295358704663212,1.1990843900284447,-0.12273697419899134,0.03996404862042734
2015-03-01,-0.6203253090211621,1.0834119597023284,-0.12190724672022103,0.02108308941045202
2015-04-01,-0.653804807992549,0.9302606436712505,-0.0628878945129406,0.013076494774568686
2015-05-01,-0.6549387867571894,0.7958552456205524,-0.01824404522066697,-0.00038268684815688297
2015-06-01,-0.6761978080191907,0.7102778378823157,0.018791972467840604,-0.005702354383707765
2015-07-01,-0.5544425528344911,0.8629318432180851,-0.0239456301404053,-0.002461456138139822
2015-08-01,-0.5569625908257348,0.8086466678337372,9.959454410728152e-06,0.006515555314107692
2015-09-01,-0.5851640132170782,0.7385865721600701,0.04228558755338562,0.01105204148825766
2015-10-01,-0.6226583296098019,0.6118133275312778,0.10913179883537706,0.0051690295987111765
2015-11-01,-0.6759867061591365,0.4086899837067495,0.173756133155705,-0.008158699698800499
2015-12-01,-0.692085166190727,0.26751041139527293,0.22189008438049893,-0.011601167385795556
2016-01-01,-0.6316642971150385,0.4086631139451951,0.20769208867439584,0.013006243835191186
2016-02-01,-0.6326295086931275,0.24706401139134923,0.24058264301400928,0.02483615297036266
2016-03-01,-0.7192107944339662,0.06488942125228055,0.32441785574967585,-0.009262196134292033
2016-04-01,-0.649238097024738,0.13995948000964145,0.3046552020612494,-0.005870387568374064
2016-05-01,-0.6587672257563351,0.07368073559732735,0.31792433899170913,-0.005593963933198982
2016-06-01,-0.5529226111970365,0.1729436169524284,0.2814192539389651,-0.0018858800981386196
2016-07-01,-0.5117568137419665,0.2008381736797484,0.3069608386281476,0.0011796707614179845
2016-08-01,-0.5143819805635156,0.15859312997922023,0.32868071722430336,0.0009028409882064822
2016-09-01,-0.4822166964435714,0.11612284415953715,0.3470246667324993,-0.007470205608699685
2016-10-01,-0.4730529666121387,0.11897045557535871,0.3512784528798647,-0.016842683569326777
2016-11-01,-0.5038848034998248,0.006234603879463247,0.3898911584584958,-0.01522799297681952
2016-12-01,-0.36239086169464113,0.152430871840403,0.331618220746697,0.005071773437875852
2017-01-01,-0.35267462232058433,0.0676555612873915,0.34576566216135995,-0.02454813234017874
2017-02-01,-0.38132909001865245,-0.03790796720243238,0.393735578204189,-0.0321830324960503
2017-03-01,-0.28594121868921446,0.1252594008509517,0.3578228283679431,0.002496493765707621
2017-04-01,-0.15394656476869353,0.386396292703586,0.29600587037010245,0.0030505333357798603
2017-05-01,-0.13680385703418468,0.4235205010910581,0.3168857353299814,0.013597028907991615
2017-06-01,-0.0775045223197881,0.46391583216139914,0.3068112066508328,0.01910187167116407
2017-07-01,-0.08173577227205028,0.39480978950510426,0.33917555246170883,0.026469383077097636
2017-08-01,-0.11380398220839082,0.2824333559775711,0.3775328401227441,0.013373441120447459
2017-09-01,-0.030604707616219105,0.2691173733454098,0.3292451918628876,0.0023590117356909733
2017-10-01,0.11911227398121342,0.5906095294052286,0.25112015239381913,0.01707937210785752
2017-11-01,0.204544428775412,0.6278798656183139,0.22719299389078876,0.026029478140985652
2017-12-01,0.2814977678801012,0.6544383323694195,0.20847915872396053,0.06201596786804694
2018-01-01,0.27544365278795985,0.6626549837366419,0.23156453817732947,0.06085950661248026
2018-02-01,0.33993147448504785,0.7191435473761482,0.23642853437300693,0.04240912375194109
2018-03-01,0.4216819402262073,0.8437874852122695,0.2182351907069642,0.05976967056406244
2018-04-01,0.5583649792338012,1.13908836518608,0.14900460575034916,0.07463211940128768
2018-05-01,0.5234810765012599,0.863630274251289,0.20594261338078707,0.03768988709427055
2018-06-01,0.6210183043862075,1.0765502157161193,0.17549186097242264,0.054702632490687075
2018-07-01,0.6653091143537548,1.1071658685808807,0.1538188533622587,0.055427183977518085
2018-08-01,0.7652312293350509,1.27785322643871,0.12571786403158597,0.06786170570591178
2018-09-01,0.761098330011654,1.3055542074216755,0.13832524360022544,0.06329650299573414
2018-10-01,0.7934002572122273,1.2542052640994545,0.13668067865400907,0.05336805130964976
2018-11-01,0.8426205223330443,1.256332480030244,0.12349666766462147,0.07549210773049943
2018-12-01,0.7756420799933872,1.3115656935296056,0.19011882190905782,0.05771044886300103
2019-01-01,0.7334788325500569,1.1182997801050394,0.25369308214662956,0.05431351199654106
2019-02-01,0.6796879378328506,0.964092293696796,0.28840931665833575,0.044541757548628366
2019-03-01,0.7624577174417411,0.9359601337470389,0.26576932705245915,0.04958049428120029
2019-04-01,0.7147724015567751,0.7767257434618237,0.33487055925627046,0.033329505453842306
2019-05-01,0.7698960385516858,0.7835039054500671,0.3010717656931749,0.03379827579455364
2019-06-01,0.805887064561776,0.7859650481636958,0.3124000976478784,0.047648392203897515
2019-07-01,0.7956290827304338,0.6323288006731402,0.33547932046025214,0.05254582420935611
2019-08-01,0.9194221109930577,0.7975371193293143,0.28701394104307487,0.06359987735027094
2019-09-01,0.8860606172070665,0.7113566071532564,0.3432243071517434,0.07906445600100094
2019-10-01,0.8030829111772961,0.47912874673248457,0.40721953974832054,0.059896978601702136
2019-11-01,0.9121289088969692,0.5903087596925811,0.36846231590903494,0.07950260085040234
2019-12-01,0.908512942599676,0.5190346946643454,0.3878377563861799,0.0760966346954648
2020-01-01,0.8675052722816645,0.3339121440333266,0.4565712173887772,0.09517880548705862
2020-02-01,0.9056184615317394,0.4316237088403164,0.4571374384758847,0.0664813536188698
2020-03-01,-0.12766646574101922,-0.3196357501314474,0.8855420407712918,-0.16977121844455606
2020-04-01,-3.5557392946410564,-3.272331515978492,0.3821458332165209,-0.07129455625174069
2020-05-01,-2.581250839810785,-3.2951743283349924,0.10241412407501592,-0.01926876363521877
2020-06-01,-1.2778655717513028,-2.0406624486185065,-0.11186495627756206,0.05656690652709623
2020-07-01,-0.6997936669743061,-1.1932289321759362,-0.2670471855108768,0.10969933920061034
2020-08-01,-0.44705218060671614,-0.9791397223284172,-0.2213020168541909,0.10409010985674613
2020-09-01,-0.2854763310118556,-1.0359031057033334,-0.19619400243194246,0.10848065004220526
2020-10-01,-0.1542347639740597,-0.8327532065274136,-0.1826299970431884,0.12654529532964495
2020-11-01,-0.13476863267598327,-0.7210414727531071,-0.1570657551298306,0.12810714808769338
2020-12-01,0.03379201492943547,-0.40558650443296657,-0.28972892619478946,0.15537759920273633
2021-01-01,0.25928554174596796,-0.3587089957712724,-0.40429676744508525,0.14264689936443617
2021-02-01,-0.17483742533878946,-1.157866769785032,-0.050757409320811846,0.08985906504699677
2021-03-01,0.6383198028090263,-0.6995614722518549,-0.47811184600679146,0.11901632750893074
2021-04-01,0.7405521029599953,-0.6893253947921462,-0.49022393568855566,0.14100764639279967
2021-05-01,0.8416488692848673,-0.4433411533313896,-0.4922394658915262,0.14160105963221536
2021-06-01,0.9967140897405252,-0.3868369088444393,-0.48891878973069547,0.1499901029072012
2021-07-01,1.0515373800523837,-0.23367985540903333,-0.3898040312274999,0.1608992889340968
2021-08-01,1.1115929061771783,-0.31678457037911384,-0.3486093539213042,0.17261560519550614
2021-09-01,1.0336660171384768,-0.6453979041347219,-0.24327812998317785,0.13485088317198926
2021-10-01,1.2987511403564496,-0.33642010121761734,-0.31382989992522,0.13062439865164902
2021-11-01,1.4511654475293634,-0.18024328902780012,-0.3349913816772268,0.10400647596360986
2021-12-01,1.4142601950277287,-0.23346176511249003,-0.2361486806121104,0.07746906114342195
2022-01-01,1.4368962696212644,-0.3704616274879869,-0.24548948521695482,0.018127544059276208
2022-02-01,1.587286823014551,-0.22703404085696996,-0.24842392037222558,-0.025300082895620513
2022-03-01,1.7640430563080773,-0.1234501255358546,-0.31091759022596466,-0.05480726517760696
2022-04-01,1.8542105914947762,-0.15035928954227223,-0.333785366289268,-0.0680533285838297
2022-05-01,1.8522718912263774,-0.17375261146422835,-0.2967017161148944,-0.08739667159582722
2022-06-01,1.8745618247720617,-0.2767007842794526,-0.265072500092108,-0.12886758145581018
2022-07-01,1.916049400932875,-0.20585158631119246,-0.18688296150599387,-0.11233197958178474
2022-08-01,1.9644322543340942,-0.26513841865375454,-0.17514114295108954,-0.10165558043191553
2022-09-01,1.995289749264072,-0.21037353715561447,-0.16232974686600005,-0.09324406203666498
2022-10-01,2.0517017240652944,-0.24498388891934125,-0.16089551526437557,-0.12280215621704998
2022-11-01,1.9833939068408342,-0.2899532435469043,-0.06787708099235112,-0.11347654136833053
2022-12-01,1.820319403657755,-0.5794941023999646,0.06254841613967027,-0.10230538865623408
2023-01-01,2.1180481127863975,-0.500556689140905,-0.09437154946738575,-0.14222991919057829
2023-02-01,2.1118981623469333,-0.4394149949728373,-0.040495313040300775,-0.11732791053754733
2023-03-01,2.1273214242112015,-0.31930149471154934,-0.02903872222242529,-0.08149576000250294
2023-04-01,2.207046746568524,-0.2817188156820556,-0.052009418347650584,-0.08809428347280546
2023-05-01,2.201166127853894,-0.37603343369832815,-0.01931108239574391,-0.11951228695593547
2023-06-01,2.1558987193013737,-0.6074238252435196,0.04114429894509017,-0.12758164402833325
2023-07-01,2.2825150215178196,-0.4160805131169376,-0.010937750084280324,-0.09354264955663923
2023-08-01,2.319516730530341,-0.45383628657841407,-0.01659013136689784,-0.12520829726865912
2023-09-01,2.3760265180599487,-0.422639350794416,-0.03837266249092666,-0.13949149080574347
2023-10-01,2.324376041316635,-0.5664162581988947,0.028077653712517046,-0.11605904132717197
2023-11-01,2.3902935162958423,-0.46937223177787457,0.011751346958698665,-0.08468641429630568
2023-12-01,2.3961755264170104,-0.5521142609304404,0.03622324301317444,-0.0661336628481305
2024-01-01,2.2103315359614752,-0.8901272395851489,0.1808048298102646,-0.0893233932446782
2024-02-01,2.383768556850399,-0.6352472125925027,0.09678059310415497,-0.0717097463577539
2024-03-01,2.4443976614293996,-0.605636265851001,0.09081806108897067,-0.06205663529009877
2024-04-01,2.4339955960323394,-0.6670717164663725,0.11045726410747826,-0.052620748884420296
2024-05-01,2.5539083613056253,-0.5310688173995454,0.0450082884897322,-0.03573258779856629
2024-06-01,2.575963630235664,-0.5297478972306102,0.049542785111467126,-0.01493933478288225
2024-07-01,2.525597426647605,-0.8009908416871729,0.08736459014687545,-0.02838528624626285
2024-08-01,2.5755273647444166,-0.6793559564506091,0.06262355968391513,-0.004472771187000315
2024-09-01,2.5697231130282256,-0.8752995358828602,0.08874801337343761,-0.004974159826461133
2024-10-01,2.563949345048116,-0.9833362107970466,0.09070612379634194,-0.02446854911225843
2024-11-01,2.5852177425669955,-1.0492898776127049,0.09599906496021748,-0.02225061548837375
2024-12-01,2.776537746121146,-0.8123419126670436,0.010170776145164581,0.012414399568039242
2025-01-01,2.685554045268868,-0.8470723728337286,0.05825659485652845,-0.008909021249603867
2025-02-01,2.7969371852186296,-0.5712290055497372,-0.01253354683656698,-0.008424118336335431
2025-03-01,2.883604330492363,-0.6398686484761403,-0.059246731720314805,0.00019815910845124348
2025-04-01,2.9038784709175727,-0.6184583422101378,-0.053579802591031095,0.01246797263031378
2025-05-01,2.854246186208012,-0.6410025324925283,-0.013242919303713902,0.025047822616440136
2025-06-01,2.9538727375961216,-0.5327785471899682,-0.08615008252893205,0.020539618106751843
2025-07-01,3.0507168906226076,-0.4505656615729488,-0.13638365110915524,0.04103409468880596
2025-08-01,3.050091024114739,-0.5415158237649018,-0.14425985821840717,0.044981147984890515
2025-09-01,3.071863459631397,-0.5246679511071588,-0.14662557995410094,0.05019953223673232
2025-10-01,3.0238363262957306,-0.6478865980720859,-0.12404522567751829,0.0762275262875977
2025-11-01,3.0665290517727724,-0.6325216570725476,-0.14922316824090112,0.07144542186522303
2025-12-01,3.100444037633941,-0.567564525256523,-0.163129191803649,0.07903641121895796
