date,INDPRO_Z,RSAFS_Z,PAYEMS_Z,PCEC96_Z,PC1,PC2,kmeans_cluster,regime,gmm_cluster,regime_confidence
2010-01-01,-2.941872352523628,-1.4339960024674325,-1.6900680306068674,-1.4627205638533987,-3.5496532489103267,-1.7201616584489188,2,Contraction,0,0.9994100880143535
2010-02-01,-2.842859525511,-1.4299261769317073,-1.7008140618663443,-1.4373087463959895,-3.50275015661533,-1.6402367840469825,2,Contraction,0,0.9997142912958061
2010-03-01,-2.6612818716784092,-1.368135027011476,-1.682904009767216,-1.404784051803373,-3.375308427116706,-1.5083101939259114,2,Contraction,0,0.9995374230299483
2010-04-01,-2.5708326354303637,-1.3439417109418157,-1.6544718020598503,-1.3908014728196314,-3.3059002558747674,-1.4396601009670307,2,Contraction,0,0.9993444531263029
2010-05-01,-2.209419575541434,-1.3691044310405196,-1.5960402570864447,-1.373718408930799,-3.143493823354177,-1.1124331650205683,2,Contraction,0,0.9998809496260046
2010-06-01,-2.159278275133603,-1.3719625015399406,-1.6108160500682256,-1.3570609017936461,-3.125356028816176,-1.0713575964217859,2,Contraction,0,0.9998700362054621
2010-07-01,-2.056131300855309,-1.3628033048517374,-1.6214501435020827,-1.3381540232547606,-3.0776728775371653,-0.9876360832266683,2,Contraction,0,0.999815514733599
2010-08-01,-1.9562030555195686,-1.3496327811468032,-1.6214501435020827,-1.321435722295939,-3.024486507576791,-0.9075351703784199,2,Contraction,0,0.9997191324557515
2010-09-01,-1.8755281245924849,-1.3246371996737965,-1.6297335425979296,-1.3149307833774164,-2.9822459706320075,-0.845839326416635,2,Contraction,0,0.9995932010207338
2010-10-01,-1.9533091524336048,-1.2909086250081145,-1.598502889250075,-1.2973005750935682,-2.967062331881002,-0.932007095505278,2,Contraction,0,0.9998039294865233
2010-11-01,-1.9295082760327147,-1.263873952301603,-1.5840629097451528,-1.2796095729880514,-2.9266048205662063,-0.9250387838444344,2,Contraction,0,0.9997387693064447
2010-12-01,-1.661438355477786,-1.2427392730822,-1.5749959458699692,-1.270368912094448,-2.805640175792927,-0.6951178117312773,2,Contraction,0,0.9996020711890212
2011-01-01,-1.7197003023003135,-1.2225572840292709,-1.5742123810906323,-1.2625873029208878,-2.8121285876478757,-0.7564052844217478,2,Contraction,0,0.9997038822518304
2011-02-01,-1.8293142640870341,-1.1968095787406272,-1.5495860594543311,-1.2645327052142783,-2.8271319585319246,-0.8627413786546092,2,Contraction,0,0.9994216353820378
2011-03-01,-1.5432903325498013,-1.1692317055005996,-1.5242881108643127,-1.2403367641902379,-2.679227367945543,-0.6232073123383851,2,Contraction,0,0.9995776154116323
2011-04-01,-1.6330308578380164,-1.1521417810230676,-1.4891396336197738,-1.2486655177588148,-2.6891034489996604,-0.706947468154012,2,Contraction,0,0.9992696866040973
2011-05-01,-1.5996328538561229,-1.1547742143777975,-1.4772742241041015,-1.256751096040717,-2.6759496663407334,-0.6738414129805554,2,Contraction,0,0.999406660696162
2011-06-01,-1.5157687236098167,-1.1290181521578688,-1.4517523998628439,-1.2405191456552438,-2.6085429340053348,-0.612265836044893,2,Contraction,0,0.9992017887928821
2011-07-01,-1.3787512713764114,-1.130229907194173,-1.444924192500051,-1.2283603813215556,-2.5478460064055546,-0.4927208683831536,2,Contraction,0,0.9993953078458471
2011-08-01,-1.1900865079455412,-1.126736709917103,-1.4300364616926509,-1.2326159488383464,-2.4698765637919013,-0.32390770867281277,2,Contraction,0,0.9988982626397876
2011-09-01,-1.2133558511265594,-1.091788023283832,-1.4055220778819693,-1.2210651227213425,-2.440641997264671,-0.3600105271308731,2,Contraction,0,0.9992268964380756
2011-10-01,-1.0182536298105855,-1.073695267052117,-1.3821270723274832,-1.208420007814306,-2.3388777891854193,-0.1952636001137908,2,Contraction,0,0.9986551472374494
2011-11-01,-1.020704588546659,-1.063541595541016,-1.3667915902176047,-1.2202140092179834,-2.3324737989415616,-0.19757174766937902,2,Contraction,0,0.9987485171782922
2011-12-01,-0.8705169243097832,-1.0588366432276415,-1.3446279007449338,-1.217052730491225,-2.2602735281135087,-0.0656964121273655,2,Contraction,0,0.9968393818351674
2012-01-01,-0.700810179054315,-1.0292029648915393,-1.3045541591731344,-1.1899386860270997,-2.1450680018862442,0.06826596019303391,2,Contraction,0,0.9948297646289411
2012-02-01,-0.6087663431466581,-0.9892651902812089,-1.2751145110351927,-1.1472006293941857,-2.05075792291551,0.12473641343737132,2,Contraction,0,0.9969042380230931
2012-03-01,-0.7574479965938997,-0.9776657696578276,-1.24836137071212,-1.1565020841094569,-2.090578338724138,-0.009578565742549876,2,Contraction,0,0.9981317912008683
2012-04-01,-0.5519513478671147,-0.9912457829957199,-1.2397421581394146,-1.1498755575475967,-2.0128637961699396,0.17706658974429365,2,Contraction,0,0.9960195611114868
2012-05-01,-0.4855096953832451,-0.997070564101265,-1.2277648107981227,-1.149510794617586,-1.9844616606734051,0.23842861021459993,2,Contraction,0,0.992666686396991
2012-06-01,-0.4839150957236296,-1.0261109003161424,-1.218697846922939,-1.1568668470394676,-1.9981898061260426,0.2519684284209558,2,Contraction,0,0.9865044512636696
2012-07-01,-0.4233793679049918,-1.011193777972673,-1.2025788000337236,-1.1419723607306993,-1.9510070599915363,0.29677314485245154,2,Contraction,0,0.9868949008511815
2012-08-01,-0.5470494303949722,-0.9707629444165359,-1.1822061157709656,-1.1405741028323246,-1.964032199103623,0.17184525242384635,2,Contraction,0,0.9974503095552617
2012-09-01,-0.5681631110731803,-0.944380112350243,-1.1622811828106854,-1.1305431222570317,-1.9418101288359904,0.14104666805206667,2,Contraction,0,0.9972794538604186
2012-10-01,-0.468264395360763,-0.9459428585005112,-1.1452666333165138,-1.1310902666520486,-1.896448137561024,0.23113926811018992,2,Contraction,0,0.9971599227323401
2012-11-01,-0.3624302253597908,-0.9274406126358383,-1.127804332519864,-1.1000246237794746,-1.821057937851835,0.31063300389488335,2,Contraction,0,0.996650445522056
2012-12-01,-0.2938033807497796,-0.9158662628063117,-1.0999318139405956,-1.0970457265177211,-1.772652691001862,0.3672386767860757,2,Contraction,0,0.9962277374211006
2013-01-01,-0.28668674152817675,-0.8879457553836051,-1.079447191852218,-1.0652505577851255,-1.7270798367599183,0.3549721324640737,2,Contraction,0,0.9951930061650042
2013-02-01,-0.15088000385114247,-0.848801889245336,-1.0470971602481676,-1.0664664342184942,-1.6389450323057781,0.46338087613971624,0,Slowdown,0,0.9947226549406857
2013-03-01,-0.03335210301300684,-0.8729952053149963,-1.031090051184572,-1.0572257733248918,-1.5941997465705762,0.5742535653411669,0,Slowdown,0,0.9940453057222048
2013-04-01,-0.058629460580203935,-0.8896422124344311,-1.0104934912705745,-1.055645133961512,-1.6003594611131475,0.5569601158051142,0,Slowdown,0,0.9944345547994414
2013-05-01,-0.03577353212575302,-0.8692011585116713,-0.9855313561574147,-1.0351576160592466,-1.5565103116508865,0.5645764267474237,0,Slowdown,0,0.9940596078365732
2013-06-01,0.02499843267949773,-0.8588051359933095,-0.965046734069037,-1.036616667779289,-1.5180507251549322,0.6158116238909697,0,Slowdown,0,0.9936955383390171
2013-07-01,-0.06604139603506981,-0.8391914182677506,-0.9525096975996472,-1.0277407698156973,-1.5300931704177463,0.5251050565769494,0,Slowdown,0,0.9886038313419355
2013-08-01,0.10313381600053081,-0.8440133676191129,-0.9239655520666618,-1.0167978819153778,-1.4481777998615155,0.6750448613237506,0,Slowdown,0,0.9924699079549683
2013-09-01,0.2527604173942075,-0.8410633708755585,-0.9043764325832404,-0.995033693758075,-1.3684962606758975,0.8017240803766046,0,Slowdown,0,0.9911726005189738
2013-10-01,0.22943201496653484,-0.8297397289845776,-0.8797501109469392,-0.9716280724157249,-1.3452771035264577,0.7703335839708527,0,Slowdown,0,0.9900775551504066
2013-11-01,0.2984722743031093,-0.820028974831574,-0.8488552710759432,-0.9417783059765198,-1.2815982794618899,0.8203086912925294,0,Slowdown,0,0.9870841277033708
2013-12-01,0.3580335245519849,-0.8012175225093614,-0.8426986906668679,-0.9350909855929912,-1.2425514597678953,0.8652190193481685,0,Slowdown,0,0.9864939629656042
2014-01-01,0.2524355915376173,-0.8283859061164308,-0.8215424416247729,-0.959226132795363,-1.2977308945451105,0.7870147789101751,0,Slowdown,0,0.9850973385852697
2014-02-01,0.4759453104933608,-0.7851387867172969,-0.8046398299562206,-0.9261542938077308,-1.1646666788469997,0.9626850165658305,0,Slowdown,0,0.9859725937743574
2014-03-01,0.7645678488832985,-0.7475827375231505,-0.7740808035620833,-0.8842673506781746,-0.9981668773620791,1.1960802735886862,0,Slowdown,0,0.982331818335962
2014-04-01,0.7936840574828986,-0.7115142220977086,-0.7390442641431638,-0.8722301739878225,-0.9428401977031509,1.206335337746744,0,Slowdown,0,0.9798788848755667
2014-05-01,0.9090858254415511,-0.7056058716793149,-0.7149776316349604,-0.856180605067354,-0.8750081669251498,1.3030116520894506,0,Slowdown,0,0.9788585491523498
2014-06-01,1.0128529218096944,-0.6968143799676455,-0.6773665222267914,-0.8302824370365977,-0.7973476776781836,1.3855061843374903,0,Slowdown,0,0.9758746559001046
2014-07-01,1.0802395222400034,-0.6903461151531664,-0.6524043871136316,-0.8141720742944606,-0.7466046940116939,1.43901923258026,0,Slowdown,0,0.9737385248335388
2014-08-01,1.0228339344939381,-0.662768241913139,-0.63035263546658,-0.7637739961313225,-0.7144077902178766,1.3638570641754126,0,Slowdown,0,0.9163909192469838
2014-09-01,1.1100349121761026,-0.6727129901421185,-0.5974429147344321,-0.7615246247295897,-0.6680620302794844,1.4447087230101192,0,Slowdown,0,0.9464258497604711
2014-10-01,1.113667055845224,-0.658389209919874,-0.5711375257138377,-0.7135582994331893,-0.6190835505968937,1.4294164917336956,0,Slowdown,0,0.799470087164638
2014-11-01,1.3015345194462824,-0.6482773230651973,-0.5385636184585484,-0.6944082456076301,-0.5157361196370601,1.588604746413127,0,Slowdown,0,0.9105952800546046
2014-12-01,1.2991130903335404,-0.6733731877136222,-0.5077807164131719,-0.6734343771320177,-0.5018573129494005,1.5891667680638448,0,Slowdown,0,0.8831899450863552
2015-01-01,1.0587714860818822,-0.6892680710174198,-0.48494539998678354,-0.6554394059181586,-0.5777593692915514,1.37454899616099,0,Slowdown,2,0.9023224647761695
2015-02-01,0.864761860828979,-0.6983687691866289,-0.4559535031513199,-0.637566022347637,-0.6295358704663212,1.1990843900284447,0,Slowdown,2,0.9998503305888139
2015-03-01,0.7637410194301678,-0.6438147217590837,-0.445207471891843,-0.6146467515786351,-0.6203253090211621,1.0834119597023284,0,Slowdown,2,0.9999999910845618
2015-04-01,0.5995858433600141,-0.6369369673116466,-0.41464844549770563,-0.6006641725948935,-0.653804807992549,0.9302606436712505,0,Slowdown,2,0.9999999978532266
2015-05-01,0.46752936784540555,-0.6085651855995579,-0.3763657091358193,-0.5776233141825531,-0.6549387867571894,0.7958552456205524,0,Slowdown,2,0.9999999763069555
2015-06-01,0.3738318730314831,-0.6078464895090602,-0.3572243409548761,-0.572212664054062,-0.6761978080191907,0.7102778378823157,0,Slowdown,2,0.9999999259079325
2015-07-01,0.5663059578714292,-0.5744939767511967,-0.3256578741301628,-0.5437611555132317,-0.5544425528344911,0.8629318432180851,0,Slowdown,2,0.9999999895457465
2015-08-01,0.511351328861433,-0.5752711713606884,-0.31065820549714296,-0.5247326893310087,-0.5569625908257348,0.8086466678337372,0,Slowdown,2,0.9999999724591037
2015-09-01,0.42807779108164873,-0.5918346091672746,-0.2938675316542103,-0.5201731527058756,-0.5851640132170782,0.7385865721600701,0,Slowdown,2,0.9999999245290276
2015-10-01,0.28420946623657234,-0.6016456464956964,-0.25983843266586687,-0.5148840902207218,-0.6226583296098019,0.6118133275312778,0,Slowdown,2,0.999999689725487
2015-11-01,0.06636943495945187,-0.588190987127077,-0.23420467059898975,-0.5020565938486804,-0.6759867061591365,0.4086899837067495,0,Slowdown,2,0.9999990784703648
2015-12-01,-0.07776465649555624,-0.5727640919752314,-0.20409339550733058,-0.4775566837162987,-0.692085166190727,0.26751041139527293,0,Slowdown,2,0.999999008498991
2016-01-01,0.07549408856723763,-0.5951857386125021,-0.18920566469993033,-0.4645468058792513,-0.6316642971150385,0.4086631139451951,0,Slowdown,2,0.9999987097990984
2016-02-01,-0.07693782704242554,-0.5646745824914899,-0.16726585087849838,-0.41268967599607087,-0.6326295086931275,0.24706401139134923,0,Slowdown,2,0.9999983288854329
2016-03-01,-0.2939510288664111,-0.5752126728416944,-0.13860976751989337,-0.44180991657525426,-0.7192107944339662,0.06488942125228055,0,Slowdown,2,0.9999996657526843
2016-04-01,-0.1957650313069136,-0.5551727516206079,-0.11711770500093961,-0.42107922338631537,-0.649238097024738,0.13995948000964145,0,Slowdown,2,0.9999989171257738
2016-05-01,-0.26182279868754293,-0.5448435845525248,-0.11196856502244028,-0.4083125208359426,-0.6587672257563351,0.07368073559732735,0,Slowdown,2,0.9999993126035807
2016-06-01,-0.12453957984420172,-0.5051732317433096,-0.08431992209441123,-0.3734168671982572,-0.5529226111970365,0.1729436169524284,0,Slowdown,2,0.9999968924033462
2016-07-01,-0.09031474640917754,-0.5089171369589255,-0.042567113138318784,-0.3590695252845047,-0.5117568137419665,0.2008381736797484,0,Slowdown,2,0.9999952199489986
2016-08-01,-0.13437294441181796,-0.5076050987472029,-0.026783879725962124,-0.3506191840725915,-0.5143819805635156,0.15859312997922023,0,Slowdown,2,0.9999956717265401
2016-09-01,-0.1651723415410066,-0.4816150424512984,0.007469094913620421,-0.3294629341319742,-0.4822166964435714,0.11612284415953715,0,Slowdown,2,0.999994790105639
2016-10-01,-0.1606247795487773,-0.47500470980497667,0.0184390018243364,-0.3331105634320807,-0.4730529666121387,0.11897045557535871,0,Slowdown,2,0.9999942482590861
2016-11-01,-0.2822868276525748,-0.4746286478971581,0.0316476652474434,-0.31979671648669217,-0.5038848034998248,0.006234603879463247,0,Slowdown,2,0.9999976556770281
2016-12-01,-0.08375917003076949,-0.4293925788522283,0.056833676011842325,-0.26404878201673054,-0.36239086169464113,0.152430871840403,0,Slowdown,2,0.9999825055409721
2017-01-01,-0.1606247795487773,-0.3867137307804647,0.0814599976481435,-0.2593068639265925,-0.35267462232058433,0.0676555612873915,0,Slowdown,2,0.9999844076279087
2017-02-01,-0.27770973603702254,-0.3877834179849264,0.10586244363320557,-0.25499050258813294,-0.38132909001865245,-0.03790796720243238,0,Slowdown,2,0.9999934832844841
2017-03-01,-0.08603295102688414,-0.392881146068689,0.11974273401002987,-0.21954770455543068,-0.28594121868921446,0.1252594008509517,0,Slowdown,2,0.9999662537964452
2017-04-01,0.21183235946414375,-0.3794933421503484,0.1426899882620378,-0.21687277640201946,-0.15394656476869353,0.386396292703586,0,Slowdown,2,0.9999618179873884
2017-05-01,0.24679543348232139,-0.40056952285075725,0.1656372425140457,-0.21176609538187058,-0.13680385703418468,0.4235205010910581,0,Slowdown,2,0.9999693538714768
2017-06-01,0.30771504640419944,-0.3807134541179375,0.18836062111481452,-0.18611110263778766,-0.0775045223197881,0.46391583216139914,0,Slowdown,2,0.9999720450900088
2017-07-01,0.23675536155142768,-0.38105608830061666,0.20951687015690962,-0.16580596620052832,-0.08173577227205028,0.39480978950510426,0,Slowdown,2,0.9999454015254823
2017-08-01,0.11441413211112264,-0.37327578527441496,0.22597173052298358,-0.16483326505383303,-0.11380398220839082,0.2824333559775711,0,Slowdown,2,0.9999016029612353
2017-09-01,0.14480011451374802,-0.2921801240861647,0.2359341970031236,-0.12063615670087648,-0.030604707616219105,0.2691173733454098,0,Slowdown,2,0.9998127556256406
2017-10-01,0.507807774062293,-0.2889794194040646,0.2517174304154803,-0.11297613517065258,0.11911227398121342,0.5906095294052286,0,Slowdown,2,0.9999892093032473
2017-11-01,0.5791808736416365,-0.24851515812278802,0.2766795655286401,-0.06841426388768515,0.204544428775412,0.6278798656183139,0,Slowdown,2,0.9999928842354683
2017-12-01,0.6376495278274412,-0.22647793032462066,0.29358217719719226,-0.004519957314152554,0.2814977678801012,0.6544383323694195,0,Slowdown,2,0.9999949404312344
2018-01-01,0.6370884649842464,-0.2446291850753296,0.3089176593070707,-0.013091886169403075,0.27544365278795985,0.6626549837366419,0,Slowdown,2,0.9999957762969996
2018-02-01,0.709731338366611,-0.2227590959028594,0.3530211626011737,-0.009444256869296565,0.33993147448504785,0.7191435473761482,0,Slowdown,2,0.9999986251776685
2018-03-01,0.8568479217775642,-0.2220988983313557,0.3783191111911922,0.01438692122473308,0.4216819402262073,0.8437874852122695,0,Slowdown,2,0.9999999380751451
2018-04-01,1.1894105396768337,-0.221731193354822,0.39399040677792935,0.021803767468283428,0.5583649792338012,1.13908836518608,0,Slowdown,2,0.9999999999969273
2018-05-01,0.9146373946268699,-0.1564969877452299,0.4300343866274247,0.047215584925691674,0.5234810765012599,0.863630274251289,0,Slowdown,2,0.9999999663352336
2018-06-01,1.1495750778098368,-0.17097119273060188,0.45443683261248674,0.05524036938592644,0.6210183043862075,1.0765502157161193,0,Slowdown,2,0.9999999999743179
2018-07-01,1.1987714302712285,-0.1466190949665292,0.4611531021496598,0.07287057766977457,0.6653091143537548,1.1071658685808807,0,Slowdown,2,0.999999999992911
2018-08-01,1.3960588437133397,-0.1440869447872176,0.4899211233338844,0.09037919831028537,0.7652312293350509,1.27785322643871,0,Slowdown,2,0.999999999999996
2018-09-01,1.4160503987051498,-0.16028267761727005,0.498988087209068,0.0755455058231858,0.761098330011654,1.3055542074216755,0,Slowdown,2,0.9999999999999987
2018-10-01,1.382150391126716,-0.11925850193990807,0.517905579738772,0.09986303449056252,0.7934002572122273,1.2542052640994545,0,Slowdown,2,0.9999999999999902
2018-11-01,1.406512330370801,-0.09888430346742721,0.5279799840445316,0.1443641119518613,0.8426205223330443,1.256332480030244,0,Slowdown,2,0.9999999999999929
2018-12-01,1.4140423843189711,-0.18028917111321718,0.5494720465634854,0.07262740238309992,0.7756420799933872,1.3115656935296056,0,Slowdown,2,0.9999999999999991
2019-01-01,1.2098450390185427,-0.16919952329821222,0.5775684407939926,0.0965801681204669,0.7334788325500569,1.1182997801050394,0,Slowdown,2,0.9999999999964091
2019-02-01,1.043002667225711,-0.15824358638376498,0.5783520055733296,0.10071414799392049,0.6796879378328506,0.964092293696796,0,Slowdown,2,0.9999999988586259
2019-03-01,1.0544011018296073,-0.09522396756465995,0.603873829814587,0.15925859826062955,0.7624577174417411,0.9359601337470389,0,Slowdown,2,0.9999999975550491
2019-04-01,0.8767213582760742,-0.09479776406913225,0.6370074261979741,0.15992733029898262,0.7147724015567751,0.7767257434618237,0,Slowdown,2,0.9999996406011193
2019-05-01,0.9115663138009474,-0.04968704899347531,0.640029747489702,0.1910537669932253,0.7698960385516858,0.7835039054500671,0,Slowdown,2,0.9999997149515438
2019-06-01,0.9250022924143537,-0.04542501403819835,0.6646560691260032,0.21962686317739297,0.805887064561776,0.7859650481636958,0,Slowdown,2,0.9999997430274977
2019-07-01,0.7783286533532908,-0.013334397904348285,0.6757379138623387,0.25962919783522725,0.7956290827304338,0.6323288006731402,0,Slowdown,2,0.9999837280480559
2019-08-01,0.984504483416575,0.015664153654104767,0.7017074894060745,0.292275480071181,0.9194221109930577,0.7975371193293143,0,Slowdown,2,0.9999998418458401
2019-09-01,0.8819481016048069,-0.01173822402894064,0.7236473032275065,0.30601488376824904,0.8860606172070665,0.7113566071532564,0,Slowdown,2,0.999997949681827
2019-10-01,0.6269302745600442,-0.00032265589382626754,0.7342813966613637,0.30662282198493346,0.8030829111772961,0.47912874673248457,0,Slowdown,2,0.9995033137814705
2019-11-01,0.7772655869135514,0.029486517999257895,0.7574525265646108,0.3525829511662746,0.9121289088969692,0.5903087596925811,0,Slowdown,2,0.9999515323029259
2019-12-01,0.7073099092538648,0.04328381155055645,0.7716686304182937,0.3665047363283487,0.908512942599676,0.5190346946643454,0,Slowdown,2,0.99974618242738
2020-01-01,0.5104949697849752,0.03704118388076843,0.7981978950901273,0.4060207204128359,0.8675052722816645,0.3339121440333266,0,Slowdown,2,0.9920575058749997
2020-02-01,0.61080710022396,0.038804496381873214,0.8275256054024496,0.37604936633029334,0.9056184615317394,0.4316237088403164,0,Slowdown,2,0.9984447852572871
2020-03-01,-0.5602491720217698,-0.35402141559410494,0.6710365251863175,-0.19073143308458948,-0.12766646574101922,-0.3196357501314474,0,Slowdown,2,0.999992911051646
2020-04-01,-4.353595054877602,-0.9164094633398273,-1.6202188274202678,-1.0725458163853383,-3.5557392946410564,-3.272331515978492,2,Contraction,2,1.0
2020-05-01,-3.9406232726611803,-0.26940748633492995,-1.327613351250762,-0.47561128142290815,-2.581250839810785,-3.2951743283349924,2,Contraction,2,1.0
2020-06-01,-2.2772195906983064,0.06143506630126539,-0.8092292808066223,-0.05230390114554806,-1.2778655717513028,-2.0406624486185065,2,Contraction,2,1.0
2020-07-01,-1.2637038588976721,0.1305134603018916,-0.6319197650252537,0.07335692824312166,-0.6997936669743061,-1.1932289321759362,0,Slowdown,2,1.0
2020-08-01,-0.9892850693276212,0.16754302282509204,-0.4566251301050372,0.1399261629700655,-0.44705218060671614,-0.9791397223284172,0,Slowdown,2,0.9999999999999978
2020-09-01,-0.9857415145284812,0.2558507157121737,-0.3503961335920835,0.2442483609531119,-0.2854763310118556,-1.0359031057033334,0,Slowdown,2,0.9999999999999925
2020-10-01,-0.7576251743338541,0.23756575006090705,-0.27315903391459345,0.2700857351621997,-0.1542347639740597,-0.8327532065274136,0,Slowdown,2,0.999999999922554
2020-11-01,-0.6565748033117201,0.1943353445243429,-0.24260000752045607,0.2477136087882124,-0.13476863267598327,-0.7210414727531071,0,Slowdown,2,0.9999999976190135
2020-12-01,-0.27818221001024007,0.2328357269536781,-0.263308505260073,0.2820013242092145,0.03379201492943547,-0.40558650443296657,0,Slowdown,2,0.9999830695011569
2021-01-01,-0.12486440570079192,0.4056737797870862,-0.22804809018991445,0.390214326779041,0.25928554174596796,-0.3587089957712724,0,Slowdown,2,0.9994973865073313
2021-02-01,-1.0896857886365792,0.2858437420935247,-0.17017623434460669,0.31081759568005574,-0.17483742533878946,-1.157866769785032,0,Slowdown,2,0.9999999999999991
2021-03-01,-0.27150851513852764,0.7763120392017696,-0.07480520691674941,0.6791673611691446,0.6383198028090263,-0.6995614722518549,1,Expansion,2,0.9995382062954619
2021-04-01,-0.22039273716093447,0.8212723295142991,-0.035067278821808885,0.7496881943045371,0.7405521029599953,-0.6893253947921462,1,Expansion,2,0.9978133051393266
2021-05-01,0.037873348449705045,0.790527179317311,0.0184390018243364,0.7347329141741002,0.8416488692848673,-0.4433411533313896,1,Expansion,2,0.8682663799093656
2021-06-01,0.14577459208351023,0.8462511971247361,0.10295206016709725,0.8084150260362521,0.9967140897405252,-0.3868369088444393,1,Expansion,1,0.5100078957971304
2021-07-01,0.27960284499769295,0.7615704124152822,0.2083974919007141,0.7940676841224997,1.0515373800523837,-0.23367985540903333,1,Expansion,1,0.7026053049976569
2021-08-01,0.21812216923261588,0.79262476906981,0.27018717164270617,0.8555910316509633,1.1115929061771783,-0.31678457037911384,1,Expansion,1,0.7859558637204033
2021-09-01,-0.13204010416904904,0.8272057507265475,0.3213427579508409,0.8679929712713251,1.0336660171384768,-0.6453979041347219,1,Expansion,2,0.8581665240809281
2021-10-01,0.26017235284907336,0.9015991530243426,0.41100495627210104,0.9256863080346762,1.2987511403564496,-0.33642010121761734,1,Expansion,1,0.9440494710312011
2021-11-01,0.4607670841037117,0.9542561770502251,0.4846600455297655,0.9441676298218824,1.4511654475293634,-0.18024328902780012,1,Expansion,1,0.9699895634306127
2021-12-01,0.3743043470047006,0.913006364228172,0.5502556113428223,0.9096975329358765,1.4142601950277287,-0.23346176511249003,1,Expansion,1,0.9706483125195426
2022-01-01,0.2600247047324418,1.00970441612525,0.5715237982105369,0.9149258015993617,1.4368962696212644,-0.3704616274879869,1,Expansion,1,0.9804461534520248
2022-02-01,0.4433446063412751,1.064793307155026,0.663200877392949,0.9210659775878745,1.587286823014551,-0.22703404085696996,1,Expansion,1,0.9896871574193762
2022-03-01,0.6158861954360569,1.1728150009430847,0.7180504119465289,0.9690323028842749,1.7640430563080773,-0.1234501255358546,1,Expansion,1,0.9904928634237905
2022-04-01,0.630444299735857,1.249422990031367,0.7525272622373506,1.0168162467156703,1.8542105914947762,-0.15035928954227223,1,Expansion,1,0.9951639687228192
2022-05-01,0.5989952508934921,1.2465231348755217,0.7862205477488353,1.0038671627002926,1.8522718912263774,-0.17375261146422835,1,Expansion,1,0.9961535577339645
2022-06-01,0.5058292892994415,1.2988876663064342,0.8348015640677204,1.0096425757587946,1.8745618247720617,-0.2767007842794526,1,Expansion,1,0.9985425305094143
2022-07-01,0.5663650171180793,1.244041126283919,0.9147251715600797,1.0178497416840344,1.916049400932875,-0.20585158631119246,1,Expansion,1,0.9978975878988585
2022-08-01,0.5289509843638284,1.277602562323904,0.9471871409897494,1.068126232203835,1.9644322543340942,-0.26513841865375454,1,Expansion,1,0.9990122331950312
2022-09-01,0.5866813979664797,1.263295495964229,0.9718134626260506,1.0746311711223588,1.995289749264072,-0.21037353715561447,1,Expansion,1,0.9985992815797352
2022-10-01,0.575194374492602,1.320264696533098,1.0117752663722301,1.0914102659028488,2.0517017240652944,-0.24498388891934125,1,Expansion,1,0.9992268474296233
2022-11-01,0.48728468585061113,1.2432722886057124,1.0456924275349542,1.0664847990187878,1.9833939068408342,-0.2899532435469043,1,Expansion,1,0.9992618868567298
2022-12-01,0.13623652374916123,1.1789657023687392,1.0568862100969092,1.0582776330935482,1.820319403657755,-0.5794941023999646,1,Expansion,1,0.9988229152710206
2023-01-01,0.35434232163621343,1.4170546746743091,1.1054672264157943,1.1785886061753943,2.1180481127863975,-0.500556689140905,1,Expansion,1,0.9998833807380535
2023-02-01,0.3946797870997552,1.3493551743356844,1.137929195845464,1.172691605473555,2.1118981623469333,-0.4394149949728373,1,Expansion,1,0.9998521907861704
2023-03-01,0.5065675298825949,1.2901797439076135,1.1455409679875934,1.174029069550261,2.1273214242112015,-0.31930149471154934,1,Expansion,1,0.999719795335653
2023-04-01,0.5752239041159292,1.3354993822653918,1.172517983961905,1.203088516307776,2.207046746568524,-0.2817188156820556,1,Expansion,1,0.9997313261957503
2023-05-01,0.47942980604585067,1.3639798040841837,1.2038605751353795,1.1990761240776597,2.201166127853894,-0.37603343369832815,1,Expansion,1,0.9998748471370129
2023-06-01,0.2405351533371764,1.3908473381649984,1.2290465858997783,1.2288043028735276,2.1558987193013737,-0.6074238252435196,1,Expansion,1,0.9999190252143639
2023-07-01,0.47296281853741984,1.401769847354306,1.247292451475765,1.2739741123731794,2.2825150215178196,-0.4160805131169376,1,Expansion,1,0.9999382620419377
2023-08-01,0.4530598524155828,1.4546775793187345,1.271694897460827,1.2801750821833608,2.319516730530341,-0.45383628657841407,1,Expansion,1,0.9999600241466811
2023-09-01,0.5067447076225536,1.4935205959307487,1.289157198257477,1.2923946403387179,2.3760265180599487,-0.422639350794416,1,Expansion,1,0.9999640776456757
2023-10-01,0.3436821276154707,1.46631878459854,1.3069553125309856,1.3180496330827998,2.324376041316635,-0.5664162581988947,1,Expansion,1,0.9999751433849496
2023-11-01,0.4603241397538213,1.4594661009449574,1.3211714163846686,1.3520941732171272,2.3902935162958423,-0.46937223177787457,1,Expansion,1,0.9999754546595482
2023-12-01,0.38331088211918196,1.4673968287342865,1.3384098415300794,1.3912453943716034,2.3961755264170104,-0.5521142609304404,1,Expansion,1,0.9999838181000983
2024-01-01,-0.024434156768502708,1.4187511317251351,1.3579989610135008,1.3562281530905818,2.2103315359614752,-0.8901272395851489,1,Expansion,1,0.9998119020467502
2024-02-01,0.2893771503186507,1.4590649682432844,1.3810581530911283,1.3984190653284803,2.383768556850399,-0.6352472125925027,1,Expansion,1,0.9999851350875201
2024-03-01,0.3403157505562852,1.4787956830068312,1.406579977332386,1.4307613784560906,2.4443976614293996,-0.605636265851001,1,Expansion,1,0.9999898135781502
2024-04-01,0.2770928270149653,1.4784697626867218,1.4137439981720372,1.4483307929182712,2.4339955960323394,-0.6670717164663725,1,Expansion,1,0.9999898140674635
2024-05-01,0.46005837314388537,1.521691811292001,1.4224751485703622,1.493318220952918,2.5539083613056253,-0.5310688173995454,1,Expansion,1,0.9999930812421154
2024-06-01,0.46921255637499826,1.5189758086244225,1.432213739399263,1.5207970283470533,2.575963630235664,-0.5297478972306102,1,Expansion,1,0.9999938349443928
2024-07-01,0.1980420253708243,1.572343171809518,1.4381464441570992,1.5569085584181075,2.525597426647605,-0.8009908416871729,1,Expansion,1,0.9999939566565107
2024-08-01,0.3324608707515247,1.5573341232219153,1.4391538845876752,1.570222405363497,2.5755273647444166,-0.6793559564506091,1,Expansion,1,0.9999963167976935
2024-09-01,0.148638965546151,1.6076094218316137,1.4565042475587056,1.620134132953287,2.5697231130282256,-0.8752995358828602,1,Expansion,1,0.9999944267421723
2024-10-01,0.04856307209377495,1.651357957107839,1.4601981958041508,1.6322321034653078,2.563949345048116,-0.9833362107970466,1,Expansion,1,0.9999879883434675
2024-11-01,-0.0037043611935349175,1.6811337032757836,1.4751978644371706,1.6637233030895602,2.5852177425669955,-1.0492898776127049,1,Expansion,1,0.9999822328550468
2024-12-01,0.30186818098561774,1.7287180700117581,1.501727129109004,1.7342441362249528,2.776537746121146,-0.8123419126670436,1,Expansion,1,0.9999991479457646
2025-01-01,0.22432339013111077,1.6778577862121198,1.4963541134792655,1.6740582527731953,2.685554045268868,-0.8470723728337286,1,Expansion,1,0.9999981360296027
2025-02-01,0.5298368730636133,1.6803314378724374,1.5010555021552867,1.6622034575478493,2.7969371852186296,-0.5712290055497372,1,Expansion,1,0.9999985352591849
2025-03-01,0.5124439249245039,1.7707116497181636,1.5085553364717967,1.7393508172451027,2.883604330492363,-0.6398686484761403,1,Expansion,1,0.9999993870871151
2025-04-01,0.5382823453348957,1.7641681725221208,1.5206446216387082,1.7533333962288444,2.9038784709175727,-0.6184583422101378,1,Expansion,1,0.999999378839965
2025-05-01,0.4903262370532064,1.7166339473738552,1.5220998133717623,1.7393508172451027,2.854246186208012,-0.6410025324925283,1,Expansion,1,0.9999992822095989
2025-06-01,0.6418132047164302,1.7745641950404827,1.5198610568593713,1.7651273976325208,2.9538727375961216,-0.5327785471899682,1,Expansion,1,0.9999990524420359
2025-07-01,0.7645087896366485,1.8137916304916004,1.5270250776990226,1.814491980827296,3.0507168906226076,-0.4505656615729488,1,Expansion,1,0.9999983681903188
2025-08-01,0.6849855140192858,1.8469937184863363,1.5191894299056539,1.843855396693153,3.050091024114739,-0.5415158237649018,1,Expansion,1,0.999999415172808
2025-09-01,0.7089635681601304,1.851105328678486,1.5276967046527399,1.8551022537018147,3.071863459631397,-0.5246679511071588,1,Expansion,1,0.9999993614035821
2025-10-01,0.5764050890489771,1.8415700700824642,1.5120254090660028,1.8828242363826255,3.0238363262957306,-0.6478865980720859,1,Expansion,1,0.9999997227623874
2025-11-01,0.6119882851570039,1.8752819308855766,1.5166148599164042,1.8999073002714568,3.0665290517727724,-0.6325216570725476,1,Expansion,1,0.9999997510516484
2025-12-01,0.6864324655622654,1.8742958129939635,1.5219878755461427,1.9068985897633275,3.100444037633941,-0.567564525256523,1,Expansion,1,0.9999996301917897
