series,owner,retrieval_service,underlying_data_basis,current_download_publication_status,source_url,policy_url,delivery_terms_url,next_step,reviewed_on
INDPRO,Federal Reserve Board,FRED,public_domain_original_agency_data,delivery_terms_unresolved,https://fred.stlouisfed.org/series/INDPRO,https://www.federalreserve.gov/disclaimer.htm,https://fred.stlouisfed.org/legal/,Direct agency acquisition with attribution or written FRED clarification,2026-09-30
RSAFS,Census,FRED,public_domain_original_agency_data_US,delivery_terms_unresolved,https://fred.stlouisfed.org/series/RSAFS,https://www2.census.gov/foia/ds_policies/ds027.pdf,https://fred.stlouisfed.org/legal/,Direct agency acquisition with attribution or written FRED clarification,2026-09-30
PAYEMS,BLS,FRED,public_domain_original_agency_data,delivery_terms_unresolved,https://fred.stlouisfed.org/series/PAYEMS,https://www.bls.gov/opub/copyright-information.htm,https://fred.stlouisfed.org/legal/,Direct agency acquisition with attribution or written FRED clarification,2026-09-30
PCEC96,BEA,FRED,public_domain_original_agency_data,delivery_terms_unresolved,https://fred.stlouisfed.org/series/PCEC96,https://www.bea.gov/help/faq/147,https://fred.stlouisfed.org/legal/,Direct agency acquisition with attribution or written FRED clarification,2026-09-30
PCE,BEA,FRED,public_domain_original_agency_data,delivery_terms_unresolved,https://fred.stlouisfed.org/series/PCE,https://www.bea.gov/help/faq/147,https://fred.stlouisfed.org/legal/,Direct agency acquisition with attribution or written FRED clarification,2026-09-30
PCEPI,BEA,FRED,public_domain_original_agency_data,delivery_terms_unresolved,https://fred.stlouisfed.org/series/PCEPI,https://www.bea.gov/help/faq/147,https://fred.stlouisfed.org/legal/,Direct agency acquisition with attribution or written FRED clarification,2026-09-30
BAA10Y,Moody's; St. Louis Fed spread calculation,FRED,prior_written_permission_required,permission_not_obtained,https://fred.stlouisfed.org/series/BAA10Y,https://fred.stlouisfed.org/series/BAA10Y,https://fred.stlouisfed.org/legal/,Obtain source approval for raw and derived publication,2026-09-30
T10Y2Y,Federal Reserve Bank of St. Louis,FRED,copyrighted_citation_required,delivery_terms_unresolved,https://fred.stlouisfed.org/series/T10Y2Y,https://fred.stlouisfed.org/series/T10Y2Y,https://fred.stlouisfed.org/legal/,Clarify service conditions for cached archive and model use,2026-09-30
NFCI,Federal Reserve Bank of Chicago,FRED,written_material_reproduction_permission_not_blanket_archive_license,scope_unresolved,https://fred.stlouisfed.org/series/NFCI,https://www.chicagofed.org/utilities/legal-notices,https://fred.stlouisfed.org/legal/,Confirm NFCI CSV distribution and model-output permissions,2026-09-30
DRTSCILM,Federal Reserve Board,FRED,public_domain_original_agency_data,delivery_terms_unresolved,https://fred.stlouisfed.org/series/DRTSCILM,https://www.federalreserve.gov/disclaimer.htm,https://fred.stlouisfed.org/legal/,Direct agency acquisition with attribution or written FRED clarification,2026-09-30
BAMLH0A0HYM2,ICE Data Indices,FRED,prior_written_permission_required,permission_not_obtained,https://fred.stlouisfed.org/series/BAMLH0A0HYM2,https://fred.stlouisfed.org/series/BAMLH0A0HYM2,https://fred.stlouisfed.org/legal/,Obtain source approval for raw and derived publication,2026-09-30
DRBLACBS,Federal Reserve Board,FRED,public_domain_original_agency_data,delivery_terms_unresolved,https://fred.stlouisfed.org/series/DRBLACBS,https://www.federalreserve.gov/disclaimer.htm,https://fred.stlouisfed.org/legal/,Direct agency acquisition with attribution or written FRED clarification,2026-09-30
CPIAUCSL,BLS,FRED,public_domain_original_agency_data,delivery_terms_unresolved,https://fred.stlouisfed.org/series/CPIAUCSL,https://www.bls.gov/opub/copyright-information.htm,https://fred.stlouisfed.org/legal/,Direct agency acquisition with attribution or written FRED clarification,2026-09-30
CPILFESL,BLS,FRED,public_domain_original_agency_data,delivery_terms_unresolved,https://fred.stlouisfed.org/series/CPILFESL,https://www.bls.gov/opub/copyright-information.htm,https://fred.stlouisfed.org/legal/,Direct agency acquisition with attribution or written FRED clarification,2026-09-30
PPIACO,BLS,FRED,public_domain_original_agency_data,delivery_terms_unresolved,https://fred.stlouisfed.org/series/PPIACO,https://www.bls.gov/opub/copyright-information.htm,https://fred.stlouisfed.org/legal/,Direct agency acquisition with attribution or written FRED clarification,2026-09-30
FEDFUNDS,Federal Reserve Board,FRED,public_domain_original_agency_data,delivery_terms_unresolved,https://fred.stlouisfed.org/series/FEDFUNDS,https://www.federalreserve.gov/disclaimer.htm,https://fred.stlouisfed.org/legal/,Direct agency acquisition with attribution or written FRED clarification,2026-09-30
T5YIE,Federal Reserve Bank of St. Louis,FRED,copyrighted_citation_required,delivery_terms_unresolved,https://fred.stlouisfed.org/series/T5YIE,https://fred.stlouisfed.org/series/T5YIE,https://fred.stlouisfed.org/legal/,Clarify service conditions for cached archive and model use,2026-09-30
GS10,Federal Reserve Board,FRED,public_domain_original_agency_data,delivery_terms_unresolved,https://fred.stlouisfed.org/series/GS10,https://www.federalreserve.gov/disclaimer.htm,https://fred.stlouisfed.org/legal/,Direct agency acquisition with attribution or written FRED clarification,2026-09-30
VIXCLS,Cboe,FRED,copyrighted_consent_or_applicable_exception,permission_not_established,https://fred.stlouisfed.org/series/VIXCLS,https://www.cboe.com/terms/,https://fred.stlouisfed.org/legal/,Confirm public archive and derived-output rights with Cboe,2026-09-30
USREC,Federal Reserve Bank of St. Louis,FRED,copyrighted_citation_required,delivery_terms_unresolved,https://fred.stlouisfed.org/series/USREC,https://fred.stlouisfed.org/series/USREC,https://fred.stlouisfed.org/legal/,Clarify service conditions for cached archive and model use,2026-09-30
IVV,Yahoo and underlying market-data suppliers,Yahoo via yfinance,provider_notice_no_redistribution,permission_not_obtained,https://finance.yahoo.com/quote/IVV/history/,https://uk.help.yahoo.com/kb/SLN2352.html,https://legal.yahoo.com/us/en/yahoo/terms/otos/index.html,Obtain data redistribution and derived-output permission; software license is not a data license,2026-09-30
RSP,Yahoo and underlying market-data suppliers,Yahoo via yfinance,provider_notice_no_redistribution,permission_not_obtained,https://finance.yahoo.com/quote/RSP/history/,https://uk.help.yahoo.com/kb/SLN2352.html,https://legal.yahoo.com/us/en/yahoo/terms/otos/index.html,Obtain data redistribution and derived-output permission; software license is not a data license,2026-09-30
IWM,Yahoo and underlying market-data suppliers,Yahoo via yfinance,provider_notice_no_redistribution,permission_not_obtained,https://finance.yahoo.com/quote/IWM/history/,https://uk.help.yahoo.com/kb/SLN2352.html,https://legal.yahoo.com/us/en/yahoo/terms/otos/index.html,Obtain data redistribution and derived-output permission; software license is not a data license,2026-09-30
IYW,Yahoo and underlying market-data suppliers,Yahoo via yfinance,provider_notice_no_redistribution,permission_not_obtained,https://finance.yahoo.com/quote/IYW/history/,https://uk.help.yahoo.com/kb/SLN2352.html,https://legal.yahoo.com/us/en/yahoo/terms/otos/index.html,Obtain data redistribution and derived-output permission; software license is not a data license,2026-09-30
XLB,Yahoo and underlying market-data suppliers,Yahoo via yfinance,provider_notice_no_redistribution,permission_not_obtained,https://finance.yahoo.com/quote/XLB/history/,https://uk.help.yahoo.com/kb/SLN2352.html,https://legal.yahoo.com/us/en/yahoo/terms/otos/index.html,Obtain data redistribution and derived-output permission; software license is not a data license,2026-09-30
XLC,Yahoo and underlying market-data suppliers,Yahoo via yfinance,provider_notice_no_redistribution,permission_not_obtained,https://finance.yahoo.com/quote/XLC/history/,https://uk.help.yahoo.com/kb/SLN2352.html,https://legal.yahoo.com/us/en/yahoo/terms/otos/index.html,Obtain data redistribution and derived-output permission; software license is not a data license,2026-09-30
XLE,Yahoo and underlying market-data suppliers,Yahoo via yfinance,provider_notice_no_redistribution,permission_not_obtained,https://finance.yahoo.com/quote/XLE/history/,https://uk.help.yahoo.com/kb/SLN2352.html,https://legal.yahoo.com/us/en/yahoo/terms/otos/index.html,Obtain data redistribution and derived-output permission; software license is not a data license,2026-09-30
XLF,Yahoo and underlying market-data suppliers,Yahoo via yfinance,provider_notice_no_redistribution,permission_not_obtained,https://finance.yahoo.com/quote/XLF/history/,https://uk.help.yahoo.com/kb/SLN2352.html,https://legal.yahoo.com/us/en/yahoo/terms/otos/index.html,Obtain data redistribution and derived-output permission; software license is not a data license,2026-09-30
XLI,Yahoo and underlying market-data suppliers,Yahoo via yfinance,provider_notice_no_redistribution,permission_not_obtained,https://finance.yahoo.com/quote/XLI/history/,https://uk.help.yahoo.com/kb/SLN2352.html,https://legal.yahoo.com/us/en/yahoo/terms/otos/index.html,Obtain data redistribution and derived-output permission; software license is not a data license,2026-09-30
XLK,Yahoo and underlying market-data suppliers,Yahoo via yfinance,provider_notice_no_redistribution,permission_not_obtained,https://finance.yahoo.com/quote/XLK/history/,https://uk.help.yahoo.com/kb/SLN2352.html,https://legal.yahoo.com/us/en/yahoo/terms/otos/index.html,Obtain data redistribution and derived-output permission; software license is not a data license,2026-09-30
XLP,Yahoo and underlying market-data suppliers,Yahoo via yfinance,provider_notice_no_redistribution,permission_not_obtained,https://finance.yahoo.com/quote/XLP/history/,https://uk.help.yahoo.com/kb/SLN2352.html,https://legal.yahoo.com/us/en/yahoo/terms/otos/index.html,Obtain data redistribution and derived-output permission; software license is not a data license,2026-09-30
XLRE,Yahoo and underlying market-data suppliers,Yahoo via yfinance,provider_notice_no_redistribution,permission_not_obtained,https://finance.yahoo.com/quote/XLRE/history/,https://uk.help.yahoo.com/kb/SLN2352.html,https://legal.yahoo.com/us/en/yahoo/terms/otos/index.html,Obtain data redistribution and derived-output permission; software license is not a data license,2026-09-30
XLU,Yahoo and underlying market-data suppliers,Yahoo via yfinance,provider_notice_no_redistribution,permission_not_obtained,https://finance.yahoo.com/quote/XLU/history/,https://uk.help.yahoo.com/kb/SLN2352.html,https://legal.yahoo.com/us/en/yahoo/terms/otos/index.html,Obtain data redistribution and derived-output permission; software license is not a data license,2026-09-30
XLV,Yahoo and underlying market-data suppliers,Yahoo via yfinance,provider_notice_no_redistribution,permission_not_obtained,https://finance.yahoo.com/quote/XLV/history/,https://uk.help.yahoo.com/kb/SLN2352.html,https://legal.yahoo.com/us/en/yahoo/terms/otos/index.html,Obtain data redistribution and derived-output permission; software license is not a data license,2026-09-30
XLY,Yahoo and underlying market-data suppliers,Yahoo via yfinance,provider_notice_no_redistribution,permission_not_obtained,https://finance.yahoo.com/quote/XLY/history/,https://uk.help.yahoo.com/kb/SLN2352.html,https://legal.yahoo.com/us/en/yahoo/terms/otos/index.html,Obtain data redistribution and derived-output permission; software license is not a data license,2026-09-30
